o spiked.obj
v 0.097545 0.990393 0.000000
v 0.191342 0.961940 0.000000
v 0.277785 0.915735 0.000000
v 0.353553 0.853553 0.000000
v 0.415735 0.777785 0.000000
v 0.461940 0.691342 0.000000
v 0.490393 0.597545 0.000000
v 0.500000 0.500000 0.000000
v 0.490392 0.402455 0.000000
v 0.461940 0.308658 0.000000
v 0.415735 0.222215 0.000000
v 0.353553 0.146447 0.000000
v 0.277785 0.084265 0.000000
v 0.191342 0.038060 0.000000
v 0.097545 0.009608 0.000000
v 0.090120 0.990393 0.037329
v 0.176777 0.961940 0.073223
v 0.256640 0.915735 0.106304
v 0.326641 0.853553 0.135299
v 0.384089 0.777785 0.159095
v 0.426777 0.691342 0.176777
v 0.453064 0.597545 0.187665
v 0.461940 0.500000 0.191342
v 0.453064 0.402455 0.187665
v 0.426777 0.308658 0.176777
v 0.384089 0.222215 0.159095
v 0.326641 0.146447 0.135299
v 0.256640 0.084265 0.106304
v 0.176777 0.038060 0.073223
v 0.090120 0.009608 0.037329
v 0.068975 0.990393 0.068975
v 0.135299 0.961940 0.135299
v 0.196424 0.915735 0.196424
v 0.250000 0.853553 0.250000
v 0.293969 0.777785 0.293969
v 0.326641 0.691342 0.326641
v 0.346760 0.597545 0.346760
v 0.353553 0.500000 0.353553
v 0.346760 0.402455 0.346760
v 0.326641 0.308658 0.326641
v 0.293969 0.222215 0.293969
v 0.250000 0.146447 0.250000
v 0.196424 0.084265 0.196424
v 0.135299 0.038060 0.135299
v 0.068975 0.009608 0.068975
v 0.037329 0.990393 0.090120
v 0.073223 0.961940 0.176777
v 0.106304 0.915735 0.256640
v 0.135299 0.853553 0.326641
v 0.159095 0.777785 0.384089
v 0.176777 0.691342 0.426777
v 0.187665 0.597545 0.453064
v 0.191342 0.500000 0.461940
v 0.187665 0.402455 0.453064
v 0.176777 0.308658 0.426776
v 0.159095 0.222215 0.384089
v 0.135299 0.146447 0.326641
v 0.106304 0.084265 0.256640
v 0.073223 0.038060 0.176777
v 0.037329 0.009608 0.090120
v -0.000000 0.990393 0.097545
v -0.000000 0.961940 0.191342
v 0.000000 0.915735 0.277785
v -0.000000 0.853553 0.353553
v -0.000000 0.777785 0.415735
v -0.000000 0.691342 0.461940
v -0.000000 0.597545 0.490392
v -0.000000 0.500000 0.500000
v -0.000000 0.402455 0.490392
v 0.000000 0.308658 0.461940
v -0.000000 0.222215 0.415735
v -0.000000 0.146447 0.353553
v -0.000000 0.084265 0.277785
v -0.000000 0.038060 0.191342
v -0.000000 0.009608 0.097545
v -0.037329 0.990393 0.090120
v -0.073223 0.961940 0.176777
v -0.106304 0.915735 0.256640
v -0.135299 0.853553 0.326641
v -0.159095 0.777785 0.384089
v -0.176777 0.691342 0.426777
v -0.187665 0.597545 0.453063
v -0.191342 0.500000 0.461940
v -0.187665 0.402455 0.453064
v -0.176777 0.308658 0.426776
v -0.159095 0.222215 0.384089
v -0.135299 0.146447 0.326641
v -0.106304 0.084265 0.256640
v -0.073223 0.038060 0.176777
v -0.037329 0.009608 0.090120
v -0.068975 0.990393 0.068975
v -0.135299 0.961940 0.135299
v -0.196424 0.915735 0.196424
v -0.250000 0.853553 0.250000
v -0.293969 0.777785 0.293969
v -0.326641 0.691342 0.326641
v -0.346760 0.597545 0.346760
v -0.353553 0.500000 0.353553
v -0.346760 0.402455 0.346760
v -0.326641 0.308658 0.326641
v -0.293969 0.222215 0.293969
v -0.250000 0.146447 0.250000
v -0.196424 0.084265 0.196424
v -0.135299 0.038060 0.135299
v -0.068975 0.009608 0.068975
v -0.090120 0.990393 0.037329
v -0.176777 0.961940 0.073223
v -0.256640 0.915735 0.106304
v -0.326641 0.853553 0.135299
v -0.384089 0.777785 0.159095
v -0.426776 0.691342 0.176777
v -0.453063 0.597545 0.187665
v -0.461940 0.500000 0.191342
v -0.453064 0.402455 0.187665
v -0.426776 0.308658 0.176777
v -0.384089 0.222215 0.159095
v -0.326641 0.146447 0.135299
v -0.256640 0.084265 0.106304
v -0.176777 0.038060 0.073223
v -0.090120 0.009608 0.037329
v -0.097545 0.990393 -0.000000
v -0.191342 0.961940 -0.000000
v -0.277785 0.915735 -0.000000
v -0.353553 0.853553 -0.000000
v -0.415735 0.777785 -0.000000
v -0.461940 0.691342 0.000000
v -0.490392 0.597545 -0.000000
v -0.500000 0.500000 -0.000000
v -0.490392 0.402455 -0.000000
v -0.461939 0.308658 -0.000000
v -0.415735 0.222215 -0.000000
v -0.353553 0.146447 -0.000000
v -0.277785 0.084265 -0.000000
v -0.191342 0.038060 -0.000000
v -0.097545 0.009608 0.000000
v -0.090120 0.990393 -0.037329
v -0.176777 0.961940 -0.073223
v -0.256640 0.915735 -0.106304
v -0.326641 0.853553 -0.135299
v -0.384089 0.777785 -0.159095
v -0.426776 0.691342 -0.176777
v -0.453063 0.597545 -0.187665
v -0.461939 0.500000 -0.191342
v -0.453063 0.402455 -0.187665
v -0.426776 0.308658 -0.176777
v -0.384089 0.222215 -0.159095
v -0.326641 0.146447 -0.135299
v -0.256640 0.084265 -0.106304
v -0.176777 0.038060 -0.073223
v -0.090120 0.009608 -0.037329
v -0.068975 0.990393 -0.068975
v -0.135299 0.961940 -0.135299
v -0.196424 0.915735 -0.196424
v -0.250000 0.853553 -0.250000
v -0.293969 0.777785 -0.293969
v -0.326641 0.691342 -0.326641
v -0.346760 0.597545 -0.346760
v -0.353553 0.500000 -0.353553
v -0.346760 0.402455 -0.346760
v -0.326640 0.308658 -0.326641
v -0.293969 0.222215 -0.293969
v -0.250000 0.146447 -0.250000
v -0.196424 0.084265 -0.196424
v -0.135299 0.038060 -0.135299
v -0.068975 0.009608 -0.068975
v -0.037329 0.990393 -0.090120
v -0.073223 0.961940 -0.176777
v -0.106304 0.915735 -0.256640
v -0.135299 0.853553 -0.326641
v -0.159095 0.777785 -0.384089
v -0.176777 0.691342 -0.426776
v -0.187665 0.597545 -0.453063
v -0.191342 0.500000 -0.461939
v -0.187665 0.402455 -0.453063
v -0.176777 0.308658 -0.426776
v -0.159095 0.222215 -0.384089
v -0.135299 0.146447 -0.326641
v -0.106304 0.084265 -0.256640
v -0.073223 0.038060 -0.176777
v -0.037329 0.009608 -0.090120
v 0.000000 0.990393 -0.097545
v 0.000000 0.961940 -0.191342
v 0.000000 0.915735 -0.277785
v 0.000000 0.853553 -0.353553
v 0.000000 0.777785 -0.415735
v 0.000000 0.691342 -0.461939
v 0.000000 0.597545 -0.490392
v 0.000000 0.500000 -0.500000
v 0.000000 0.402455 -0.490392
v 0.000000 0.308658 -0.461939
v 0.000000 0.222215 -0.415735
v 0.000000 0.146447 -0.353553
v 0.000000 0.084265 -0.277785
v -0.000000 0.038060 -0.191342
v -0.000000 0.009608 -0.097545
v 0.037329 0.990393 -0.090120
v 0.073223 0.961940 -0.176777
v 0.106304 0.915735 -0.256640
v 0.135299 0.853553 -0.326641
v 0.159095 0.777785 -0.384089
v 0.176777 0.691342 -0.426776
v 0.187665 0.597545 -0.453063
v 0.191342 0.500000 -0.461939
v 0.187665 0.402455 -0.453063
v 0.176777 0.308658 -0.426776
v 0.159095 0.222215 -0.384089
v 0.135299 0.146447 -0.326640
v 0.106304 0.084265 -0.256640
v 0.073223 0.038060 -0.176777
v 0.037329 0.009608 -0.090120
v 0.068975 0.990393 -0.068975
v 0.135299 0.961940 -0.135299
v 0.196424 0.915735 -0.196424
v 0.250000 0.853553 -0.250000
v 0.293969 0.777785 -0.293969
v 0.326641 0.691342 -0.326640
v 0.346760 0.597545 -0.346760
v 0.353553 0.500000 -0.353553
v 0.346760 0.402455 -0.346760
v 0.326641 0.308658 -0.326640
v 0.293969 0.222215 -0.293969
v 0.250000 0.146447 -0.250000
v 0.196424 0.084265 -0.196424
v 0.135299 0.038060 -0.135299
v 0.068975 0.009608 -0.068975
v 0.090120 0.990393 -0.037329
v 0.176777 0.961940 -0.073223
v 0.256640 0.915735 -0.106304
v 0.326641 0.853553 -0.135299
v 0.384089 0.777785 -0.159095
v 0.426776 0.691342 -0.176777
v 0.453063 0.597545 -0.187665
v 0.461939 0.500000 -0.191342
v 0.453063 0.402455 -0.187665
v 0.426776 0.308658 -0.176777
v 0.384089 0.222215 -0.159095
v 0.326640 0.146447 -0.135299
v 0.256640 0.084265 -0.106304
v 0.176776 0.038060 -0.073223
v 0.090120 0.009608 -0.037329
v 0.000000 1.000000 0.000000
v 0.000000 0.000000 0.000000
v 0.157451 1.023275 0.035125
v 0.158907 1.023275 0.027803
v 0.149528 1.026121 0.027803
v 0.148785 1.026121 0.031536
v 0.252579 0.981133 0.055767
v 0.254693 0.981133 0.045136
v 0.246049 0.985753 0.045136
v 0.244592 0.985753 0.052458
v 0.337927 0.920495 0.074250
v 0.340618 0.920495 0.060721
v 0.333041 0.926713 0.060721
v 0.330927 0.926713 0.071351
v 0.410226 0.843734 0.089868
v 0.413390 0.843734 0.073959
v 0.407172 0.851310 0.073959
v 0.404481 0.851310 0.087489
v 0.466727 0.753828 0.102026
v 0.470243 0.753828 0.084349
v 0.465623 0.762472 0.084349
v 0.462458 0.762472 0.100258
v 0.505300 0.654240 0.110265
v 0.509033 0.654240 0.091498
v 0.506188 0.663620 0.091498
v 0.502672 0.663620 0.109176
v 0.524501 0.548780 0.114275
v 0.528307 0.548780 0.095141
v 0.527346 0.558534 0.095141
v 0.523613 0.558534 0.113908
v 0.523613 0.441466 0.113908
v 0.527346 0.441466 0.095141
v 0.528307 0.451220 0.095141
v 0.524501 0.451220 0.114275
v 0.502671 0.336380 0.109176
v 0.506188 0.336380 0.091498
v 0.509033 0.345760 0.091498
v 0.505300 0.345760 0.110265
v 0.462458 0.237528 0.100258
v 0.465623 0.237528 0.084349
v 0.470243 0.246172 0.084349
v 0.466727 0.246172 0.102026
v 0.404481 0.148690 0.087489
v 0.407172 0.148690 0.073959
v 0.413390 0.156266 0.073959
v 0.410226 0.156266 0.089868
v 0.330927 0.073287 0.071351
v 0.333041 0.073287 0.060721
v 0.340618 0.079505 0.060721
v 0.337927 0.079505 0.074250
v 0.244592 0.014247 0.052458
v 0.246049 0.014247 0.045136
v 0.254693 0.018867 0.045136
v 0.252578 0.018867 0.055766
v 0.148785 -0.026120 0.031535
v 0.149528 -0.026120 0.027803
v 0.158907 -0.023275 0.027803
v 0.157451 -0.023275 0.035125
v 0.070290 1.043821 0.015922
v 0.071032 1.043821 0.012189
v 0.061278 1.044781 0.012189
v 0.071032 -0.043820 0.012189
v 0.070290 -0.043820 0.015922
v 0.061278 -0.044781 0.012189
v 0.132024 1.023275 0.092705
v 0.136172 1.023275 0.086498
v 0.127506 1.026121 0.082908
v 0.125392 1.026121 0.086073
v 0.212011 0.981133 0.148179
v 0.218033 0.981133 0.139167
v 0.210047 0.985753 0.135859
v 0.205899 0.985753 0.142067
v 0.283789 0.920495 0.197918
v 0.291453 0.920495 0.186447
v 0.284453 0.926713 0.183548
v 0.278432 0.926713 0.192560
v 0.344608 0.843734 0.240014
v 0.353620 0.843734 0.226527
v 0.347875 0.851310 0.224147
v 0.340211 0.851310 0.235617
v 0.392156 0.753828 0.272869
v 0.402169 0.753828 0.257882
v 0.397900 0.762472 0.256114
v 0.388888 0.762472 0.269601
v 0.424640 0.654240 0.295242
v 0.435270 0.654240 0.279332
v 0.432642 0.663620 0.278243
v 0.422628 0.663620 0.293230
v 0.440844 0.548780 0.306295
v 0.451683 0.548780 0.290073
v 0.450795 0.558534 0.289706
v 0.440165 0.558534 0.305615
v 0.440165 0.441466 0.305615
v 0.450795 0.441466 0.289706
v 0.451683 0.451220 0.290073
v 0.440844 0.451220 0.306295
v 0.422628 0.336380 0.293230
v 0.432642 0.336380 0.278243
v 0.435270 0.345760 0.279332
v 0.424640 0.345760 0.295242
v 0.388888 0.237528 0.269601
v 0.397900 0.237528 0.256114
v 0.402169 0.246172 0.257882
v 0.392156 0.246172 0.272869
v 0.340211 0.148690 0.235617
v 0.347875 0.148690 0.224147
v 0.353620 0.156266 0.226527
v 0.344608 0.156266 0.240014
v 0.278432 0.073287 0.192560
v 0.284453 0.073287 0.183548
v 0.291453 0.079505 0.186447
v 0.283789 0.079505 0.197917
v 0.205899 0.014247 0.142067
v 0.210046 0.014247 0.135859
v 0.218033 0.018867 0.139167
v 0.212011 0.018867 0.148179
v 0.125391 -0.026120 0.086073
v 0.127506 -0.026120 0.082908
v 0.136172 -0.023275 0.086497
v 0.132024 -0.023275 0.092705
v 0.058846 1.043821 0.041609
v 0.060961 1.043821 0.038444
v 0.051949 1.044781 0.034711
v 0.060961 -0.043820 0.038444
v 0.058846 -0.043820 0.041609
v 0.051949 -0.044781 0.034711
v 0.086498 1.023275 0.136172
v 0.092705 1.023275 0.132024
v 0.086073 1.026121 0.125392
v 0.082908 1.026121 0.127506
v 0.139167 0.981133 0.218033
v 0.148179 0.981133 0.212011
v 0.142067 0.985753 0.205899
v 0.135859 0.985753 0.210047
v 0.186447 0.920495 0.291453
v 0.197918 0.920495 0.283789
v 0.192560 0.926713 0.278432
v 0.183548 0.926713 0.284453
v 0.226527 0.843734 0.353620
v 0.240014 0.843734 0.344608
v 0.235617 0.851310 0.340211
v 0.224147 0.851310 0.347875
v 0.257882 0.753828 0.402169
v 0.272869 0.753828 0.392156
v 0.269601 0.762472 0.388888
v 0.256114 0.762472 0.397900
v 0.279332 0.654240 0.435270
v 0.295242 0.654240 0.424640
v 0.293230 0.663620 0.422628
v 0.278243 0.663620 0.432642
v 0.290073 0.548780 0.451683
v 0.306295 0.548780 0.440844
v 0.305615 0.558534 0.440165
v 0.289706 0.558534 0.450795
v 0.289706 0.441466 0.450795
v 0.305615 0.441466 0.440165
v 0.306294 0.451220 0.440844
v 0.290073 0.451220 0.451683
v 0.278243 0.336380 0.432642
v 0.293230 0.336380 0.422628
v 0.295242 0.345760 0.424640
v 0.279332 0.345760 0.435270
v 0.256114 0.237528 0.397900
v 0.269601 0.237528 0.388888
v 0.272869 0.246172 0.392156
v 0.257882 0.246172 0.402169
v 0.224147 0.148690 0.347875
v 0.235617 0.148690 0.340211
v 0.240014 0.156266 0.344608
v 0.226527 0.156266 0.353620
v 0.183548 0.073287 0.284453
v 0.192560 0.073287 0.278432
v 0.197917 0.079505 0.283789
v 0.186447 0.079505 0.291453
v 0.135859 0.014247 0.210046
v 0.142067 0.014247 0.205899
v 0.148179 0.018867 0.212011
v 0.139167 0.018867 0.218033
v 0.082908 -0.026120 0.127506
v 0.086073 -0.026120 0.125391
v 0.092705 -0.023275 0.132024
v 0.086497 -0.023275 0.136172
v 0.038444 1.043821 0.060961
v 0.041609 1.043821 0.058846
v 0.034711 1.044781 0.051949
v 0.041609 -0.043820 0.058846
v 0.038444 -0.043820 0.060961
v 0.034711 -0.044781 0.051949
v 0.027803 1.023275 0.158907
v 0.035125 1.023275 0.157451
v 0.031536 1.026121 0.148785
v 0.027803 1.026121 0.149528
v 0.045136 0.981133 0.254693
v 0.055766 0.981133 0.252579
v 0.052458 0.985753 0.244592
v 0.045136 0.985753 0.246049
v 0.060721 0.920495 0.340618
v 0.074250 0.920495 0.337927
v 0.071351 0.926713 0.330927
v 0.060721 0.926713 0.333041
v 0.073959 0.843734 0.413390
v 0.089868 0.843734 0.410226
v 0.087489 0.851310 0.404481
v 0.073959 0.851310 0.407172
v 0.084349 0.753828 0.470243
v 0.102026 0.753828 0.466727
v 0.100258 0.762472 0.462458
v 0.084349 0.762472 0.465623
v 0.091498 0.654240 0.509033
v 0.110265 0.654240 0.505300
v 0.109176 0.663620 0.502672
v 0.091498 0.663620 0.506188
v 0.095141 0.548780 0.528307
v 0.114275 0.548780 0.524501
v 0.113908 0.558534 0.523613
v 0.095141 0.558534 0.527346
v 0.095141 0.441466 0.527346
v 0.113908 0.441466 0.523613
v 0.114275 0.451220 0.524501
v 0.095141 0.451220 0.528307
v 0.091498 0.336380 0.506188
v 0.109176 0.336380 0.502671
v 0.110265 0.345760 0.505300
v 0.091498 0.345760 0.509033
v 0.084349 0.237528 0.465623
v 0.100258 0.237528 0.462458
v 0.102026 0.246172 0.466727
v 0.084349 0.246172 0.470243
v 0.073959 0.148690 0.407172
v 0.087489 0.148690 0.404481
v 0.089868 0.156266 0.410226
v 0.073959 0.156266 0.413390
v 0.060721 0.073287 0.333041
v 0.071351 0.073287 0.330927
v 0.074250 0.079505 0.337927
v 0.060721 0.079505 0.340618
v 0.045136 0.014247 0.246049
v 0.052458 0.014247 0.244592
v 0.055766 0.018867 0.252578
v 0.045136 0.018867 0.254693
v 0.027803 -0.026120 0.149528
v 0.031535 -0.026120 0.148785
v 0.035125 -0.023275 0.157451
v 0.027803 -0.023275 0.158907
v 0.012189 1.043821 0.071032
v 0.015922 1.043821 0.070290
v 0.012189 1.044781 0.061278
v 0.015922 -0.043820 0.070290
v 0.012189 -0.043820 0.071032
v 0.012189 -0.044781 0.061278
v -0.035125 1.023275 0.157451
v -0.027803 1.023275 0.158907
v -0.027803 1.026121 0.149528
v -0.031536 1.026121 0.148785
v -0.055767 0.981133 0.252579
v -0.045136 0.981133 0.254693
v -0.045136 0.985753 0.246049
v -0.052458 0.985753 0.244592
v -0.074250 0.920495 0.337927
v -0.060721 0.920495 0.340618
v -0.060721 0.926713 0.333041
v -0.071351 0.926713 0.330927
v -0.089868 0.843734 0.410226
v -0.073959 0.843734 0.413390
v -0.073959 0.851310 0.407172
v -0.087489 0.851310 0.404481
v -0.102026 0.753828 0.466727
v -0.084349 0.753828 0.470243
v -0.084349 0.762472 0.465623
v -0.100258 0.762472 0.462458
v -0.110265 0.654240 0.505300
v -0.091498 0.654240 0.509033
v -0.091498 0.663620 0.506188
v -0.109176 0.663620 0.502672
v -0.114275 0.548780 0.524501
v -0.095141 0.548780 0.528307
v -0.095141 0.558534 0.527346
v -0.113908 0.558534 0.523613
v -0.113908 0.441466 0.523613
v -0.095141 0.441466 0.527346
v -0.095141 0.451220 0.528307
v -0.114275 0.451220 0.524501
v -0.109176 0.336380 0.502671
v -0.091498 0.336380 0.506188
v -0.091498 0.345760 0.509033
v -0.110265 0.345760 0.505300
v -0.100258 0.237528 0.462458
v -0.084349 0.237528 0.465623
v -0.084349 0.246172 0.470243
v -0.102026 0.246172 0.466727
v -0.087489 0.148690 0.404481
v -0.073959 0.148690 0.407172
v -0.073959 0.156266 0.413390
v -0.089868 0.156266 0.410226
v -0.071351 0.073287 0.330927
v -0.060721 0.073287 0.333041
v -0.060721 0.079505 0.340618
v -0.074250 0.079505 0.337927
v -0.052458 0.014247 0.244592
v -0.045136 0.014247 0.246049
v -0.045136 0.018867 0.254693
v -0.055766 0.018867 0.252578
v -0.031535 -0.026120 0.148785
v -0.027803 -0.026120 0.149528
v -0.027803 -0.023275 0.158907
v -0.035125 -0.023275 0.157451
v -0.015922 1.043821 0.070290
v -0.012189 1.043821 0.071032
v -0.012189 1.044781 0.061278
v -0.012189 -0.043820 0.071032
v -0.015922 -0.043820 0.070290
v -0.012189 -0.044781 0.061278
v -0.092705 1.023275 0.132024
v -0.086498 1.023275 0.136172
v -0.082908 1.026121 0.127506
v -0.086073 1.026121 0.125392
v -0.148179 0.981133 0.212011
v -0.139167 0.981133 0.218033
v -0.135859 0.985753 0.210047
v -0.142067 0.985753 0.205899
v -0.197918 0.920495 0.283789
v -0.186447 0.920495 0.291453
v -0.183548 0.926713 0.284453
v -0.192560 0.926713 0.278432
v -0.240014 0.843734 0.344608
v -0.226527 0.843734 0.353620
v -0.224147 0.851310 0.347875
v -0.235617 0.851310 0.340211
v -0.272869 0.753828 0.392156
v -0.257882 0.753828 0.402169
v -0.256114 0.762472 0.397900
v -0.269601 0.762472 0.388888
v -0.295242 0.654240 0.424640
v -0.279332 0.654240 0.435270
v -0.278243 0.663620 0.432642
v -0.293230 0.663620 0.422628
v -0.306294 0.548780 0.440844
v -0.290073 0.548780 0.451683
v -0.289706 0.558534 0.450795
v -0.305615 0.558534 0.440165
v -0.305615 0.441466 0.440165
v -0.289706 0.441466 0.450795
v -0.290073 0.451220 0.451683
v -0.306294 0.451220 0.440844
v -0.293230 0.336380 0.422628
v -0.278243 0.336380 0.432642
v -0.279332 0.345760 0.435270
v -0.295242 0.345760 0.424640
v -0.269601 0.237528 0.388888
v -0.256114 0.237528 0.397900
v -0.257882 0.246172 0.402169
v -0.272869 0.246172 0.392155
v -0.235617 0.148690 0.340211
v -0.224147 0.148690 0.347875
v -0.226527 0.156266 0.353620
v -0.240014 0.156266 0.344608
v -0.192560 0.073287 0.278432
v -0.183548 0.073287 0.284453
v -0.186447 0.079505 0.291453
v -0.197917 0.079505 0.283789
v -0.142067 0.014247 0.205899
v -0.135859 0.014247 0.210046
v -0.139167 0.018867 0.218033
v -0.148179 0.018867 0.212011
v -0.086073 -0.026120 0.125391
v -0.082908 -0.026120 0.127506
v -0.086497 -0.023275 0.136172
v -0.092705 -0.023275 0.132024
v -0.041609 1.043821 0.058846
v -0.038444 1.043821 0.060961
v -0.034711 1.044781 0.051949
v -0.038444 -0.043820 0.060961
v -0.041609 -0.043820 0.058846
v -0.034711 -0.044781 0.051949
v -0.136172 1.023275 0.086498
v -0.132024 1.023275 0.092705
v -0.125392 1.026121 0.086073
v -0.127506 1.026121 0.082908
v -0.218033 0.981133 0.139167
v -0.212011 0.981133 0.148179
v -0.205899 0.985753 0.142067
v -0.210047 0.985753 0.135859
v -0.291453 0.920495 0.186447
v -0.283789 0.920495 0.197918
v -0.278432 0.926713 0.192560
v -0.284453 0.926713 0.183548
v -0.353620 0.843734 0.226527
v -0.344608 0.843734 0.240014
v -0.340211 0.851310 0.235617
v -0.347875 0.851310 0.224147
v -0.402169 0.753828 0.257882
v -0.392156 0.753828 0.272869
v -0.388888 0.762472 0.269601
v -0.397900 0.762472 0.256114
v -0.435270 0.654240 0.279332
v -0.424640 0.654240 0.295242
v -0.422628 0.663620 0.293230
v -0.432642 0.663620 0.278243
v -0.451683 0.548780 0.290073
v -0.440844 0.548780 0.306294
v -0.440165 0.558534 0.305615
v -0.450795 0.558534 0.289706
v -0.450795 0.441466 0.289706
v -0.440165 0.441466 0.305615
v -0.440844 0.451220 0.306294
v -0.451683 0.451220 0.290073
v -0.432642 0.336380 0.278243
v -0.422628 0.336380 0.293230
v -0.424640 0.345760 0.295242
v -0.435270 0.345760 0.279332
v -0.397900 0.237528 0.256114
v -0.388888 0.237528 0.269601
v -0.392156 0.246172 0.272869
v -0.402169 0.246172 0.257882
v -0.347875 0.148690 0.224147
v -0.340211 0.148690 0.235617
v -0.344608 0.156266 0.240014
v -0.353620 0.156266 0.226527
v -0.284453 0.073287 0.183548
v -0.278432 0.073287 0.192560
v -0.283789 0.079505 0.197917
v -0.291453 0.079505 0.186447
v -0.210046 0.014247 0.135859
v -0.205899 0.014247 0.142067
v -0.212011 0.018867 0.148179
v -0.218033 0.018867 0.139167
v -0.127506 -0.026120 0.082908
v -0.125391 -0.026120 0.086073
v -0.132024 -0.023275 0.092705
v -0.136172 -0.023275 0.086497
v -0.060961 1.043821 0.038444
v -0.058846 1.043821 0.041609
v -0.051949 1.044781 0.034711
v -0.058846 -0.043820 0.041609
v -0.060961 -0.043820 0.038444
v -0.051949 -0.044781 0.034711
v -0.158907 1.023275 0.027803
v -0.157451 1.023275 0.035125
v -0.148785 1.026121 0.031536
v -0.149528 1.026121 0.027803
v -0.254693 0.981133 0.045136
v -0.252579 0.981133 0.055766
v -0.244592 0.985753 0.052458
v -0.246049 0.985753 0.045136
v -0.340618 0.920495 0.060721
v -0.337927 0.920495 0.074250
v -0.330927 0.926713 0.071351
v -0.333041 0.926713 0.060721
v -0.413390 0.843734 0.073959
v -0.410226 0.843734 0.089868
v -0.404481 0.851310 0.087489
v -0.407172 0.851310 0.073959
v -0.470243 0.753828 0.084349
v -0.466727 0.753828 0.102026
v -0.462458 0.762472 0.100258
v -0.465623 0.762472 0.084349
v -0.509033 0.654240 0.091498
v -0.505300 0.654240 0.110265
v -0.502671 0.663620 0.109176
v -0.506188 0.663620 0.091498
v -0.528307 0.548780 0.095141
v -0.524501 0.548780 0.114275
v -0.523613 0.558534 0.113908
v -0.527346 0.558534 0.095141
v -0.527346 0.441466 0.095141
v -0.523613 0.441466 0.113908
v -0.524501 0.451220 0.114275
v -0.528307 0.451220 0.095141
v -0.506188 0.336380 0.091498
v -0.502671 0.336380 0.109176
v -0.505300 0.345760 0.110265
v -0.509033 0.345760 0.091498
v -0.465623 0.237528 0.084349
v -0.462458 0.237528 0.100258
v -0.466727 0.246172 0.102026
v -0.470243 0.246172 0.084349
v -0.407172 0.148690 0.073959
v -0.404481 0.148690 0.087489
v -0.410226 0.156266 0.089868
v -0.413390 0.156266 0.073959
v -0.333041 0.073287 0.060721
v -0.330927 0.073287 0.071351
v -0.337927 0.079505 0.074250
v -0.340618 0.079505 0.060721
v -0.246049 0.014247 0.045136
v -0.244592 0.014247 0.052458
v -0.252578 0.018867 0.055766
v -0.254693 0.018867 0.045136
v -0.149528 -0.026120 0.027803
v -0.148785 -0.026120 0.031535
v -0.157451 -0.023275 0.035125
v -0.158907 -0.023275 0.027803
v -0.071032 1.043821 0.012189
v -0.070290 1.043821 0.015922
v -0.061278 1.044781 0.012189
v -0.070290 -0.043820 0.015922
v -0.071032 -0.043820 0.012189
v -0.061278 -0.044781 0.012189
v -0.157451 1.023275 -0.035125
v -0.158907 1.023275 -0.027803
v -0.149528 1.026121 -0.027803
v -0.148785 1.026121 -0.031536
v -0.252579 0.981133 -0.055766
v -0.254693 0.981133 -0.045136
v -0.246049 0.985753 -0.045136
v -0.244592 0.985753 -0.052458
v -0.337927 0.920495 -0.074250
v -0.340618 0.920495 -0.060721
v -0.333041 0.926713 -0.060721
v -0.330927 0.926713 -0.071351
v -0.410226 0.843734 -0.089868
v -0.413390 0.843734 -0.073959
v -0.407172 0.851310 -0.073959
v -0.404481 0.851310 -0.087489
v -0.466727 0.753828 -0.102026
v -0.470243 0.753828 -0.084349
v -0.465623 0.762472 -0.084349
v -0.462458 0.762472 -0.100258
v -0.505300 0.654240 -0.110265
v -0.509033 0.654240 -0.091498
v -0.506188 0.663620 -0.091498
v -0.502671 0.663620 -0.109176
v -0.524501 0.548780 -0.114275
v -0.528307 0.548780 -0.095141
v -0.527346 0.558534 -0.095141
v -0.523613 0.558534 -0.113908
v -0.523613 0.441466 -0.113908
v -0.527346 0.441466 -0.095141
v -0.528307 0.451220 -0.095141
v -0.524501 0.451220 -0.114275
v -0.502671 0.336380 -0.109176
v -0.506188 0.336380 -0.091498
v -0.509033 0.345760 -0.091498
v -0.505300 0.345760 -0.110265
v -0.462458 0.237528 -0.100258
v -0.465623 0.237528 -0.084349
v -0.470243 0.246172 -0.084349
v -0.466727 0.246172 -0.102026
v -0.404481 0.148690 -0.087489
v -0.407172 0.148690 -0.073959
v -0.413390 0.156266 -0.073959
v -0.410225 0.156266 -0.089868
v -0.330927 0.073287 -0.071351
v -0.333041 0.073287 -0.060721
v -0.340618 0.079505 -0.060721
v -0.337927 0.079505 -0.074250
v -0.244592 0.014247 -0.052458
v -0.246049 0.014247 -0.045136
v -0.254693 0.018867 -0.045136
v -0.252578 0.018867 -0.055766
v -0.148785 -0.026120 -0.031535
v -0.149528 -0.026120 -0.027803
v -0.158907 -0.023275 -0.027803
v -0.157451 -0.023275 -0.035125
v -0.070290 1.043821 -0.015922
v -0.071032 1.043821 -0.012189
v -0.061278 1.044781 -0.012189
v -0.071032 -0.043820 -0.012189
v -0.070290 -0.043820 -0.015922
v -0.061278 -0.044781 -0.012189
v -0.132024 1.023275 -0.092705
v -0.136172 1.023275 -0.086498
v -0.127506 1.026121 -0.082908
v -0.125391 1.026121 -0.086073
v -0.212011 0.981133 -0.148179
v -0.218033 0.981133 -0.139167
v -0.210047 0.985753 -0.135859
v -0.205899 0.985753 -0.142067
v -0.283789 0.920495 -0.197918
v -0.291453 0.920495 -0.186447
v -0.284453 0.926713 -0.183548
v -0.278432 0.926713 -0.192560
v -0.344608 0.843734 -0.240014
v -0.353620 0.843734 -0.226527
v -0.347875 0.851310 -0.224147
v -0.340211 0.851310 -0.235617
v -0.392156 0.753828 -0.272869
v -0.402169 0.753828 -0.257882
v -0.397900 0.762472 -0.256114
v -0.388888 0.762472 -0.269601
v -0.424640 0.654240 -0.295242
v -0.435270 0.654240 -0.279332
v -0.432642 0.663620 -0.278243
v -0.422628 0.663620 -0.293230
v -0.440844 0.548780 -0.306294
v -0.451683 0.548780 -0.290073
v -0.450795 0.558534 -0.289706
v -0.440165 0.558534 -0.305615
v -0.440165 0.441466 -0.305615
v -0.450795 0.441466 -0.289706
v -0.451683 0.451220 -0.290073
v -0.440844 0.451220 -0.306294
v -0.422628 0.336380 -0.293230
v -0.432642 0.336380 -0.278243
v -0.435270 0.345760 -0.279332
v -0.424640 0.345760 -0.295242
v -0.388888 0.237528 -0.269601
v -0.397900 0.237528 -0.256114
v -0.402169 0.246172 -0.257882
v -0.392155 0.246172 -0.272869
v -0.340211 0.148690 -0.235617
v -0.347875 0.148690 -0.224147
v -0.353620 0.156266 -0.226527
v -0.344608 0.156266 -0.240014
v -0.278432 0.073287 -0.192560
v -0.284453 0.073287 -0.183548
v -0.291453 0.079505 -0.186447
v -0.283789 0.079505 -0.197917
v -0.205899 0.014247 -0.142067
v -0.210046 0.014247 -0.135859
v -0.218033 0.018867 -0.139167
v -0.212011 0.018867 -0.148179
v -0.125391 -0.026120 -0.086073
v -0.127506 -0.026120 -0.082908
v -0.136172 -0.023275 -0.086497
v -0.132024 -0.023275 -0.092705
v -0.058846 1.043821 -0.041609
v -0.060961 1.043821 -0.038444
v -0.051949 1.044781 -0.034711
v -0.060961 -0.043820 -0.038444
v -0.058846 -0.043820 -0.041609
v -0.051949 -0.044781 -0.034711
v -0.086497 1.023275 -0.136172
v -0.092705 1.023275 -0.132024
v -0.086073 1.026121 -0.125392
v -0.082908 1.026121 -0.127506
v -0.139167 0.981133 -0.218033
v -0.148179 0.981133 -0.212011
v -0.142067 0.985753 -0.205899
v -0.135859 0.985753 -0.210047
v -0.186447 0.920495 -0.291453
v -0.197917 0.920495 -0.283789
v -0.192560 0.926713 -0.278432
v -0.183548 0.926713 -0.284453
v -0.226527 0.843734 -0.353620
v -0.240014 0.843734 -0.344608
v -0.235617 0.851310 -0.340211
v -0.224147 0.851310 -0.347875
v -0.257882 0.753828 -0.402169
v -0.272869 0.753828 -0.392156
v -0.269601 0.762472 -0.388888
v -0.256114 0.762472 -0.397900
v -0.279332 0.654240 -0.435270
v -0.295241 0.654240 -0.424640
v -0.293230 0.663620 -0.422628
v -0.278243 0.663620 -0.432642
v -0.290073 0.548780 -0.451683
v -0.306294 0.548780 -0.440844
v -0.305615 0.558534 -0.440165
v -0.289706 0.558534 -0.450795
v -0.289706 0.441466 -0.450795
v -0.305615 0.441466 -0.440165
v -0.306294 0.451220 -0.440844
v -0.290073 0.451220 -0.451683
v -0.278243 0.336380 -0.432642
v -0.293230 0.336380 -0.422628
v -0.295241 0.345760 -0.424640
v -0.279332 0.345760 -0.435270
v -0.256114 0.237528 -0.397900
v -0.269601 0.237528 -0.388888
v -0.272869 0.246172 -0.392156
v -0.257882 0.246172 -0.402169
v -0.224147 0.148690 -0.347875
v -0.235617 0.148690 -0.340211
v -0.240014 0.156266 -0.344608
v -0.226527 0.156266 -0.353620
v -0.183548 0.073287 -0.284453
v -0.192560 0.073287 -0.278432
v -0.197917 0.079505 -0.283789
v -0.186447 0.079505 -0.291453
v -0.135859 0.014247 -0.210046
v -0.142067 0.014247 -0.205899
v -0.148179 0.018867 -0.212011
v -0.139167 0.018867 -0.218033
v -0.082908 -0.026120 -0.127506
v -0.086073 -0.026120 -0.125391
v -0.092705 -0.023275 -0.132024
v -0.086497 -0.023275 -0.136172
v -0.038444 1.043821 -0.060961
v -0.041609 1.043821 -0.058846
v -0.034711 1.044781 -0.051949
v -0.041609 -0.043820 -0.058846
v -0.038444 -0.043820 -0.060961
v -0.034711 -0.044781 -0.051949
v -0.027803 1.023275 -0.158907
v -0.035125 1.023275 -0.157451
v -0.031536 1.026121 -0.148785
v -0.027803 1.026121 -0.149528
v -0.045136 0.981133 -0.254693
v -0.055766 0.981133 -0.252579
v -0.052458 0.985753 -0.244592
v -0.045136 0.985753 -0.246049
v -0.060721 0.920495 -0.340618
v -0.074250 0.920495 -0.337927
v -0.071351 0.926713 -0.330927
v -0.060721 0.926713 -0.333041
v -0.073959 0.843734 -0.413390
v -0.089868 0.843734 -0.410226
v -0.087489 0.851310 -0.404481
v -0.073959 0.851310 -0.407172
v -0.084349 0.753828 -0.470243
v -0.102026 0.753828 -0.466727
v -0.100258 0.762472 -0.462458
v -0.084349 0.762472 -0.465623
v -0.091498 0.654240 -0.509033
v -0.110265 0.654240 -0.505300
v -0.109176 0.663620 -0.502671
v -0.091498 0.663620 -0.506188
v -0.095141 0.548780 -0.528307
v -0.114275 0.548780 -0.524501
v -0.113908 0.558534 -0.523613
v -0.095141 0.558534 -0.527346
v -0.095141 0.441466 -0.527346
v -0.113908 0.441466 -0.523613
v -0.114275 0.451220 -0.524501
v -0.095141 0.451220 -0.528307
v -0.091498 0.336380 -0.506188
v -0.109176 0.336380 -0.502671
v -0.110265 0.345760 -0.505300
v -0.091498 0.345760 -0.509033
v -0.084349 0.237528 -0.465622
v -0.100258 0.237528 -0.462458
v -0.102026 0.246172 -0.466727
v -0.084349 0.246172 -0.470243
v -0.073959 0.148690 -0.407172
v -0.087489 0.148690 -0.404481
v -0.089868 0.156266 -0.410225
v -0.073959 0.156266 -0.413390
v -0.060720 0.073287 -0.333041
v -0.071351 0.073287 -0.330927
v -0.074250 0.079505 -0.337927
v -0.060720 0.079505 -0.340618
v -0.045136 0.014247 -0.246049
v -0.052458 0.014247 -0.244592
v -0.055766 0.018867 -0.252578
v -0.045136 0.018867 -0.254693
v -0.027803 -0.026120 -0.149528
v -0.031535 -0.026120 -0.148785
v -0.035125 -0.023275 -0.157451
v -0.027803 -0.023275 -0.158907
v -0.012189 1.043821 -0.071032
v -0.015922 1.043821 -0.070290
v -0.012189 1.044781 -0.061278
v -0.015922 -0.043820 -0.070290
v -0.012189 -0.043820 -0.071032
v -0.012189 -0.044781 -0.061278
v 0.035125 1.023275 -0.157451
v 0.027803 1.023275 -0.158907
v 0.027803 1.026121 -0.149528
v 0.031536 1.026121 -0.148785
v 0.055766 0.981133 -0.252579
v 0.045136 0.981133 -0.254693
v 0.045136 0.985753 -0.246049
v 0.052458 0.985753 -0.244592
v 0.074250 0.920495 -0.337927
v 0.060721 0.920495 -0.340618
v 0.060721 0.926713 -0.333041
v 0.071351 0.926713 -0.330927
v 0.089868 0.843734 -0.410226
v 0.073959 0.843734 -0.413390
v 0.073959 0.851310 -0.407172
v 0.087489 0.851310 -0.404481
v 0.102026 0.753828 -0.466727
v 0.084349 0.753828 -0.470243
v 0.084349 0.762472 -0.465623
v 0.100258 0.762472 -0.462458
v 0.110265 0.654240 -0.505300
v 0.091498 0.654240 -0.509033
v 0.091498 0.663620 -0.506188
v 0.109176 0.663620 -0.502671
v 0.114275 0.548780 -0.524501
v 0.095141 0.548780 -0.528307
v 0.095141 0.558534 -0.527346
v 0.113908 0.558534 -0.523613
v 0.113908 0.441466 -0.523613
v 0.095141 0.441466 -0.527346
v 0.095141 0.451220 -0.528307
v 0.114275 0.451220 -0.524501
v 0.109176 0.336380 -0.502671
v 0.091498 0.336380 -0.506188
v 0.091498 0.345760 -0.509033
v 0.110265 0.345760 -0.505300
v 0.100258 0.237528 -0.462458
v 0.084349 0.237528 -0.465622
v 0.084349 0.246172 -0.470243
v 0.102026 0.246172 -0.466727
v 0.087489 0.148690 -0.404481
v 0.073959 0.148690 -0.407172
v 0.073959 0.156266 -0.413390
v 0.089868 0.156266 -0.410225
v 0.071351 0.073287 -0.330927
v 0.060721 0.073287 -0.333041
v 0.060721 0.079505 -0.340618
v 0.074250 0.079505 -0.337927
v 0.052458 0.014247 -0.244592
v 0.045136 0.014247 -0.246049
v 0.045136 0.018867 -0.254693
v 0.055766 0.018867 -0.252578
v 0.031535 -0.026120 -0.148785
v 0.027803 -0.026120 -0.149528
v 0.027803 -0.023275 -0.158907
v 0.035125 -0.023275 -0.157451
v 0.015922 1.043821 -0.070290
v 0.012189 1.043821 -0.071032
v 0.012189 1.044781 -0.061278
v 0.012189 -0.043820 -0.071032
v 0.015922 -0.043820 -0.070290
v 0.012189 -0.044781 -0.061278
v 0.092705 1.023275 -0.132024
v 0.086498 1.023275 -0.136172
v 0.082908 1.026121 -0.127506
v 0.086073 1.026121 -0.125391
v 0.148179 0.981133 -0.212011
v 0.139167 0.981133 -0.218033
v 0.135859 0.985753 -0.210047
v 0.142067 0.985753 -0.205899
v 0.197918 0.920495 -0.283789
v 0.186447 0.920495 -0.291453
v 0.183548 0.926713 -0.284453
v 0.192560 0.926713 -0.278432
v 0.240014 0.843734 -0.344608
v 0.226527 0.843734 -0.353620
v 0.224147 0.851310 -0.347875
v 0.235617 0.851310 -0.340211
v 0.272869 0.753828 -0.392156
v 0.257882 0.753828 -0.402169
v 0.256114 0.762472 -0.397900
v 0.269601 0.762472 -0.388888
v 0.295242 0.654240 -0.424640
v 0.279332 0.654240 -0.435270
v 0.278243 0.663620 -0.432641
v 0.293230 0.663620 -0.422628
v 0.306294 0.548780 -0.440844
v 0.290073 0.548780 -0.451683
v 0.289706 0.558534 -0.450795
v 0.305615 0.558534 -0.440165
v 0.305615 0.441466 -0.440165
v 0.289706 0.441466 -0.450795
v 0.290073 0.451220 -0.451683
v 0.306294 0.451220 -0.440844
v 0.293230 0.336380 -0.422628
v 0.278243 0.336380 -0.432641
v 0.279332 0.345760 -0.435270
v 0.295242 0.345760 -0.424640
v 0.269601 0.237528 -0.388888
v 0.256114 0.237528 -0.397900
v 0.257882 0.246172 -0.402169
v 0.272869 0.246172 -0.392155
v 0.235617 0.148690 -0.340211
v 0.224147 0.148690 -0.347875
v 0.226527 0.156266 -0.353620
v 0.240014 0.156266 -0.344608
v 0.192560 0.073287 -0.278432
v 0.183548 0.073287 -0.284453
v 0.186447 0.079505 -0.291453
v 0.197917 0.079505 -0.283789
v 0.142067 0.014247 -0.205899
v 0.135859 0.014247 -0.210046
v 0.139167 0.018867 -0.218033
v 0.148179 0.018867 -0.212011
v 0.086073 -0.026120 -0.125391
v 0.082908 -0.026120 -0.127506
v 0.086497 -0.023275 -0.136172
v 0.092705 -0.023275 -0.132024
v 0.041609 1.043821 -0.058846
v 0.038444 1.043821 -0.060961
v 0.034711 1.044781 -0.051949
v 0.038444 -0.043820 -0.060961
v 0.041609 -0.043820 -0.058846
v 0.034711 -0.044781 -0.051949
v 0.136172 1.023275 -0.086497
v 0.132024 1.023275 -0.092705
v 0.125391 1.026121 -0.086073
v 0.127506 1.026121 -0.082908
v 0.218033 0.981133 -0.139167
v 0.212011 0.981133 -0.148179
v 0.205899 0.985753 -0.142067
v 0.210047 0.985753 -0.135859
v 0.291453 0.920495 -0.186447
v 0.283789 0.920495 -0.197917
v 0.278432 0.926713 -0.192560
v 0.284453 0.926713 -0.183548
v 0.353620 0.843734 -0.226527
v 0.344608 0.843734 -0.240014
v 0.340211 0.851310 -0.235617
v 0.347875 0.851310 -0.224147
v 0.402169 0.753828 -0.257882
v 0.392156 0.753828 -0.272869
v 0.388888 0.762472 -0.269601
v 0.397900 0.762472 -0.256114
v 0.435270 0.654240 -0.279332
v 0.424640 0.654240 -0.295241
v 0.422628 0.663620 -0.293230
v 0.432642 0.663620 -0.278243
v 0.451683 0.548780 -0.290073
v 0.440844 0.548780 -0.306294
v 0.440165 0.558534 -0.305615
v 0.450795 0.558534 -0.289706
v 0.450795 0.441466 -0.289706
v 0.440165 0.441466 -0.305615
v 0.440844 0.451220 -0.306294
v 0.451683 0.451220 -0.290073
v 0.432642 0.336380 -0.278243
v 0.422628 0.336380 -0.293230
v 0.424640 0.345760 -0.295241
v 0.435270 0.345760 -0.279332
v 0.397900 0.237528 -0.256114
v 0.388888 0.237528 -0.269601
v 0.392155 0.246172 -0.272869
v 0.402169 0.246172 -0.257882
v 0.347875 0.148690 -0.224147
v 0.340211 0.148690 -0.235617
v 0.344608 0.156266 -0.240014
v 0.353620 0.156266 -0.226527
v 0.284453 0.073287 -0.183548
v 0.278432 0.073287 -0.192560
v 0.283789 0.079505 -0.197917
v 0.291453 0.079505 -0.186447
v 0.210046 0.014247 -0.135859
v 0.205899 0.014247 -0.142067
v 0.212011 0.018867 -0.148179
v 0.218033 0.018867 -0.139167
v 0.127506 -0.026120 -0.082908
v 0.125391 -0.026120 -0.086073
v 0.132024 -0.023275 -0.092705
v 0.136172 -0.023275 -0.086497
v 0.060961 1.043821 -0.038444
v 0.058846 1.043821 -0.041609
v 0.051949 1.044781 -0.034711
v 0.058846 -0.043820 -0.041609
v 0.060961 -0.043820 -0.038444
v 0.051949 -0.044781 -0.034711
v 0.158907 1.023275 -0.027803
v 0.157451 1.023275 -0.035125
v 0.148785 1.026121 -0.031536
v 0.149528 1.026121 -0.027803
v 0.254693 0.981133 -0.045136
v 0.252579 0.981133 -0.055767
v 0.244592 0.985753 -0.052458
v 0.246049 0.985753 -0.045136
v 0.340618 0.920495 -0.060721
v 0.337927 0.920495 -0.074250
v 0.330927 0.926713 -0.071351
v 0.333041 0.926713 -0.060721
v 0.413390 0.843734 -0.073959
v 0.410226 0.843734 -0.089868
v 0.404481 0.851310 -0.087489
v 0.407172 0.851310 -0.073959
v 0.470243 0.753828 -0.084349
v 0.466727 0.753828 -0.102026
v 0.462458 0.762472 -0.100258
v 0.465623 0.762472 -0.084349
v 0.509033 0.654240 -0.091498
v 0.505300 0.654240 -0.110265
v 0.502671 0.663620 -0.109176
v 0.506188 0.663620 -0.091498
v 0.528307 0.548780 -0.095141
v 0.524501 0.548780 -0.114275
v 0.523613 0.558534 -0.113908
v 0.527346 0.558534 -0.095141
v 0.527346 0.441466 -0.095141
v 0.523613 0.441466 -0.113908
v 0.524501 0.451220 -0.114275
v 0.528307 0.451220 -0.095141
v 0.506188 0.336380 -0.091498
v 0.502671 0.336380 -0.109176
v 0.505300 0.345760 -0.110265
v 0.509033 0.345760 -0.091498
v 0.465623 0.237528 -0.084349
v 0.462458 0.237528 -0.100258
v 0.466727 0.246172 -0.102026
v 0.470243 0.246172 -0.084349
v 0.407172 0.148690 -0.073959
v 0.404481 0.148690 -0.087489
v 0.410225 0.156266 -0.089868
v 0.413390 0.156266 -0.073959
v 0.333041 0.073287 -0.060721
v 0.330927 0.073287 -0.071351
v 0.337927 0.079505 -0.074250
v 0.340618 0.079505 -0.060721
v 0.246049 0.014247 -0.045136
v 0.244592 0.014247 -0.052458
v 0.252578 0.018867 -0.055766
v 0.254693 0.018867 -0.045136
v 0.149528 -0.026120 -0.027803
v 0.148785 -0.026120 -0.031536
v 0.157451 -0.023275 -0.035125
v 0.158907 -0.023275 -0.027803
v 0.071032 1.043821 -0.012189
v 0.070290 1.043821 -0.015922
v 0.061278 1.044781 -0.012189
v 0.070290 -0.043820 -0.015922
v 0.071032 -0.043820 -0.012189
v 0.061278 -0.044781 -0.012189
vn 0.289802 0.955349 0.057646
vn 0.469338 0.878069 0.093358
vn 0.629405 0.766926 0.125197
vn 0.764031 0.627024 0.151975
vn 0.868657 0.464307 0.172786
vn 0.940062 0.285165 0.186988
vn 0.976241 0.096151 0.194187
vn 0.976241 -0.096151 0.194186
vn 0.940061 -0.285167 0.186989
vn 0.868657 -0.464307 0.172786
vn 0.764030 -0.627026 0.151977
vn 0.629402 -0.766928 0.125196
vn 0.469338 -0.878070 0.093358
vn 0.289802 -0.955349 0.057645
vn 0.097996 0.994996 0.019493
vn 0.098001 -0.994995 0.019494
vn 0.245682 0.955349 0.164160
vn 0.397885 0.878070 0.265859
vn 0.533583 0.766926 0.356530
vn 0.647714 0.627025 0.432789
vn 0.736412 0.464305 0.492054
vn 0.796945 0.285167 0.532502
vn 0.827617 0.096152 0.552997
vn 0.827617 -0.096152 0.552997
vn 0.796946 -0.285164 0.532502
vn 0.736412 -0.464306 0.492054
vn 0.647715 -0.627024 0.432789
vn 0.533581 -0.766929 0.356528
vn 0.397885 -0.878070 0.265859
vn 0.245683 -0.955349 0.164160
vn 0.083077 0.994996 0.055510
vn 0.083081 -0.994995 0.055513
vn 0.164160 0.955349 0.245682
vn 0.265859 0.878070 0.397885
vn 0.356530 0.766926 0.533584
vn 0.432789 0.627025 0.647714
vn 0.492054 0.464305 0.736412
vn 0.532503 0.285162 0.796946
vn 0.552996 0.096150 0.827617
vn 0.552997 -0.096152 0.827617
vn 0.532502 -0.285164 0.796946
vn 0.492054 -0.464305 0.736413
vn 0.432788 -0.627025 0.647714
vn 0.356528 -0.766929 0.533580
vn 0.265859 -0.878070 0.397885
vn 0.164160 -0.955349 0.245683
vn 0.055510 0.994996 0.083077
vn 0.055513 -0.994995 0.083081
vn 0.057645 0.955349 0.289802
vn 0.093357 0.878070 0.469338
vn 0.125197 0.766926 0.629405
vn 0.151975 0.627025 0.764031
vn 0.172786 0.464307 0.868657
vn 0.186988 0.285165 0.940062
vn 0.194186 0.096151 0.976241
vn 0.194186 -0.096151 0.976241
vn 0.186988 -0.285165 0.940062
vn 0.172785 -0.464305 0.868658
vn 0.151974 -0.627025 0.764031
vn 0.125196 -0.766928 0.629402
vn 0.093357 -0.878070 0.469338
vn 0.057646 -0.955349 0.289802
vn 0.019493 0.994996 0.097996
vn 0.019494 -0.994995 0.098001
vn -0.057645 0.955349 0.289802
vn -0.093357 0.878070 0.469338
vn -0.125196 0.766925 0.629406
vn -0.151974 0.627025 0.764031
vn -0.172786 0.464307 0.868657
vn -0.186988 0.285164 0.940062
vn -0.194186 0.096151 0.976241
vn -0.194186 -0.096151 0.976241
vn -0.186989 -0.285167 0.940061
vn -0.172786 -0.464306 0.868657
vn -0.151974 -0.627025 0.764031
vn -0.125196 -0.766929 0.629401
vn -0.093357 -0.878070 0.469337
vn -0.057645 -0.955349 0.289802
vn -0.019493 0.994996 0.097996
vn -0.019494 -0.994995 0.098001
vn -0.164160 0.955349 0.245682
vn -0.265859 0.878070 0.397885
vn -0.356529 0.766926 0.533583
vn -0.432789 0.627025 0.647714
vn -0.492054 0.464306 0.736412
vn -0.532503 0.285165 0.796945
vn -0.552997 0.096152 0.827617
vn -0.552996 -0.096152 0.827617
vn -0.532502 -0.285164 0.796946
vn -0.492054 -0.464306 0.736412
vn -0.432789 -0.627025 0.647714
vn -0.356528 -0.766929 0.533580
vn -0.265858 -0.878070 0.397885
vn -0.164160 -0.955349 0.245682
vn -0.055510 0.994996 0.083077
vn -0.055513 -0.994995 0.083081
vn -0.245682 0.955349 0.164160
vn -0.397885 0.878070 0.265859
vn -0.533584 0.766926 0.356529
vn -0.647714 0.627025 0.432788
vn -0.736413 0.464304 0.492054
vn -0.796946 0.285163 0.532502
vn -0.827618 0.096153 0.552995
vn -0.827617 -0.096150 0.552996
vn -0.796946 -0.285162 0.532503
vn -0.736412 -0.464305 0.492054
vn -0.647715 -0.627024 0.432789
vn -0.533580 -0.766929 0.356528
vn -0.397885 -0.878070 0.265859
vn -0.245682 -0.955349 0.164160
vn -0.083077 0.994996 0.055510
vn -0.083081 -0.994995 0.055513
vn -0.289802 0.955349 0.057645
vn -0.469338 0.878070 0.093357
vn -0.629406 0.766925 0.125196
vn -0.764031 0.627025 0.151974
vn -0.868657 0.464306 0.172787
vn -0.940062 0.285164 0.186988
vn -0.976241 0.096151 0.194186
vn -0.976241 -0.096151 0.194186
vn -0.940062 -0.285165 0.186988
vn -0.868657 -0.464307 0.172786
vn -0.764031 -0.627025 0.151975
vn -0.629401 -0.766929 0.125196
vn -0.469337 -0.878070 0.093357
vn -0.289802 -0.955349 0.057645
vn -0.097996 0.994996 0.019493
vn -0.098001 -0.994995 0.019493
vn -0.289802 0.955349 -0.057645
vn -0.469338 0.878069 -0.093358
vn -0.629405 0.766926 -0.125197
vn -0.764030 0.627026 -0.151975
vn -0.868657 0.464306 -0.172787
vn -0.940062 0.285165 -0.186988
vn -0.976241 0.096151 -0.194186
vn -0.976241 -0.096151 -0.194186
vn -0.940061 -0.285168 -0.186989
vn -0.868657 -0.464306 -0.172787
vn -0.764030 -0.627025 -0.151976
vn -0.629402 -0.766928 -0.125196
vn -0.469338 -0.878070 -0.093358
vn -0.289802 -0.955349 -0.057645
vn -0.097995 0.994996 -0.019493
vn -0.098001 -0.994995 -0.019494
vn -0.245682 0.955349 -0.164160
vn -0.397885 0.878070 -0.265859
vn -0.533584 0.766926 -0.356530
vn -0.647714 0.627025 -0.432789
vn -0.736412 0.464305 -0.492054
vn -0.796946 0.285164 -0.532501
vn -0.827617 0.096151 -0.552997
vn -0.827617 -0.096150 -0.552996
vn -0.796946 -0.285164 -0.532502
vn -0.736411 -0.464307 -0.492054
vn -0.647715 -0.627024 -0.432789
vn -0.533580 -0.766929 -0.356528
vn -0.397885 -0.878070 -0.265859
vn -0.245683 -0.955349 -0.164160
vn -0.083077 0.994996 -0.055510
vn -0.083081 -0.994995 -0.055513
vn -0.164159 0.955349 -0.245683
vn -0.265858 0.878070 -0.397884
vn -0.356530 0.766926 -0.533584
vn -0.432788 0.627025 -0.647714
vn -0.492054 0.464305 -0.736412
vn -0.532501 0.285164 -0.796946
vn -0.552996 0.096149 -0.827618
vn -0.552997 -0.096152 -0.827617
vn -0.532502 -0.285167 -0.796945
vn -0.492054 -0.464305 -0.736412
vn -0.432788 -0.627025 -0.647714
vn -0.356528 -0.766929 -0.533580
vn -0.265858 -0.878070 -0.397885
vn -0.164160 -0.955349 -0.245683
vn -0.055510 0.994996 -0.083077
vn -0.055513 -0.994995 -0.083081
vn -0.057645 0.955349 -0.289802
vn -0.093357 0.878070 -0.469338
vn -0.125197 0.766926 -0.629405
vn -0.151976 0.627027 -0.764029
vn -0.172786 0.464304 -0.868658
vn -0.186988 0.285164 -0.940062
vn -0.194186 0.096151 -0.976241
vn -0.194186 -0.096151 -0.976241
vn -0.186989 -0.285168 -0.940061
vn -0.172786 -0.464307 -0.868657
vn -0.151975 -0.627025 -0.764031
vn -0.125196 -0.766929 -0.629401
vn -0.093358 -0.878070 -0.469338
vn -0.057646 -0.955349 -0.289802
vn -0.019493 0.994996 -0.097996
vn -0.019494 -0.994995 -0.098001
vn 0.057646 0.955349 -0.289802
vn 0.093358 0.878070 -0.469338
vn 0.125197 0.766926 -0.629405
vn 0.151976 0.627026 -0.764030
vn 0.172788 0.464305 -0.868657
vn 0.186989 0.285162 -0.940063
vn 0.194186 0.096151 -0.976241
vn 0.194186 -0.096151 -0.976241
vn 0.186988 -0.285164 -0.940062
vn 0.172786 -0.464307 -0.868657
vn 0.151975 -0.627026 -0.764030
vn 0.125196 -0.766928 -0.629402
vn 0.093358 -0.878070 -0.469337
vn 0.057646 -0.955349 -0.289802
vn 0.019493 0.994996 -0.097996
vn 0.019494 -0.994995 -0.098001
vn 0.164160 0.955349 -0.245682
vn 0.265859 0.878070 -0.397885
vn 0.356529 0.766926 -0.533583
vn 0.432788 0.627025 -0.647714
vn 0.492054 0.464305 -0.736412
vn 0.532502 0.285163 -0.796946
vn 0.552997 0.096151 -0.827617
vn 0.552997 -0.096149 -0.827617
vn 0.532502 -0.285163 -0.796946
vn 0.492054 -0.464305 -0.736413
vn 0.432789 -0.627025 -0.647714
vn 0.356528 -0.766929 -0.533580
vn 0.265859 -0.878070 -0.397885
vn 0.164160 -0.955349 -0.245683
vn 0.055510 0.994996 -0.083077
vn 0.055513 -0.994995 -0.083081
vn 0.245682 0.955349 -0.164160
vn 0.397885 0.878070 -0.265859
vn 0.533583 0.766926 -0.356530
vn 0.647714 0.627025 -0.432789
vn 0.736413 0.464304 -0.492054
vn 0.796946 0.285163 -0.532502
vn 0.827617 0.096152 -0.552997
vn 0.827617 -0.096154 -0.552996
vn 0.796946 -0.285164 -0.532502
vn 0.736412 -0.464306 -0.492054
vn 0.647715 -0.627024 -0.432789
vn 0.533580 -0.766929 -0.356528
vn 0.397886 -0.878069 -0.265859
vn 0.245682 -0.955349 -0.164160
vn 0.083077 0.994996 -0.055510
vn 0.083081 -0.994995 -0.055513
vn 0.289802 0.955349 -0.057645
vn 0.469338 0.878070 -0.093358
vn 0.629405 0.766926 -0.125197
vn 0.764031 0.627025 -0.151976
vn 0.868657 0.464306 -0.172788
vn 0.940060 0.285167 -0.186992
vn 0.976241 0.096151 -0.194186
vn 0.976241 -0.096151 -0.194186
vn 0.940060 -0.285167 -0.186992
vn 0.868657 -0.464305 -0.172788
vn 0.764032 -0.627024 -0.151976
vn 0.629401 -0.766929 -0.125196
vn 0.469338 -0.878070 -0.093358
vn 0.289802 -0.955349 -0.057645
vn 0.097995 0.994996 -0.019493
vn 0.098001 -0.994995 -0.019494
vn 0.900949 0.395189 0.179210
vn 0.142639 0.470217 -0.870948
vn -0.524802 0.844799 -0.104390
vn -0.201516 0.470217 0.859236
vn 0.959526 0.207079 0.190862
vn 0.327276 0.612290 -0.719716
vn -0.349396 0.934394 -0.069499
vn 0.026940 0.612290 0.790174
vn 0.980708 0.012556 0.195075
vn 0.515549 0.628197 -0.582733
vn -0.160834 0.986463 -0.031992
vn 0.253303 0.628197 0.735667
vn 0.964606 -0.180885 0.191872
vn 0.679841 0.557931 -0.475951
vn 0.032806 0.999440 0.006525
vn 0.445952 0.557931 0.699885
vn 0.912612 -0.366315 0.181530
vn 0.808414 0.432106 -0.399690
vn 0.223643 0.973655 0.044485
vn 0.593922 0.432106 0.678632
vn 0.827091 -0.537452 0.164519
vn 0.896064 0.271818 -0.350977
vn 0.404423 0.911027 0.080445
vn 0.693541 0.271818 0.667170
vn 0.711188 -0.688621 0.141464
vn 0.940379 0.092619 -0.327276
vn 0.568761 0.814685 0.113134
vn 0.743554 0.092619 0.662231
vn 0.568760 -0.814686 0.113133
vn 0.940379 -0.092620 -0.327276
vn 0.711188 0.688621 0.141464
vn 0.743553 -0.092619 0.662231
vn 0.404423 -0.911027 0.080445
vn 0.896064 -0.271818 -0.350977
vn 0.827091 0.537451 0.164519
vn 0.693542 -0.271818 0.667169
vn 0.223642 -0.973656 0.044485
vn 0.808413 -0.432106 -0.399691
vn 0.912612 0.366315 0.181530
vn 0.593921 -0.432106 0.678632
vn 0.032805 -0.999440 0.006525
vn 0.679840 -0.557931 -0.475951
vn 0.964606 0.180885 0.191873
vn 0.445952 -0.557931 0.699885
vn -0.160835 -0.986463 -0.031992
vn 0.515548 -0.628198 -0.582733
vn 0.980708 -0.012556 0.195075
vn 0.253302 -0.628197 0.735667
vn -0.349397 -0.934394 -0.069499
vn 0.327276 -0.612290 -0.719717
vn 0.959526 -0.207079 0.190862
vn 0.026940 -0.612290 0.790174
vn -0.524803 -0.844798 -0.104390
vn 0.142639 -0.470217 -0.870948
vn 0.900949 -0.395189 0.179210
vn -0.201516 -0.470217 0.859236
vn 0.897001 0.404417 0.178425
vn 0.022967 0.233183 -0.972162
vn -0.350812 0.233183 0.906949
vn 0.897002 -0.404415 0.178425
vn -0.350811 -0.233183 0.906949
vn 0.022967 -0.233184 -0.972161
vn 0.763788 0.395189 0.510347
vn 0.465078 0.470217 -0.750065
vn -0.444906 0.844799 -0.297277
vn -0.514992 0.470217 0.716714
vn 0.813447 0.207079 0.543528
vn 0.577787 0.612290 -0.539688
vn -0.296204 0.934394 -0.197917
vn -0.277497 0.612290 0.740335
vn 0.831404 0.012555 0.555527
vn 0.699307 0.628197 -0.341083
vn -0.136348 0.986463 -0.091105
vn -0.047506 0.628197 0.776602
vn 0.817754 -0.180885 0.546406
vn 0.810230 0.557931 -0.179558
vn 0.027811 0.999440 0.018583
vn 0.144172 0.557931 0.817268
vn 0.773675 -0.366316 0.516953
vn 0.899832 0.432105 -0.059900
vn 0.189595 0.973655 0.126684
vn 0.289011 0.432105 0.854259
vn 0.701174 -0.537452 0.468509
vn 0.962168 0.271818 0.018648
vn 0.342853 0.911027 0.229087
vn 0.385434 0.271818 0.881791
vn 0.602916 -0.688621 0.402856
vn 0.994040 0.092619 0.057504
vn 0.482172 0.814685 0.322177
vn 0.433529 0.092619 0.896367
vn 0.482172 -0.814685 0.322177
vn 0.994040 -0.092619 0.057504
vn 0.602916 0.688621 0.402856
vn 0.433529 -0.092619 0.896367
vn 0.342853 -0.911027 0.229087
vn 0.962168 -0.271818 0.018648
vn 0.701174 0.537452 0.468509
vn 0.385434 -0.271818 0.881791
vn 0.189595 -0.973656 0.126683
vn 0.899831 -0.432106 -0.059899
vn 0.773675 0.366315 0.516953
vn 0.289011 -0.432106 0.854258
vn 0.027811 -0.999440 0.018583
vn 0.810229 -0.557931 -0.179558
vn 0.817754 0.180885 0.546406
vn 0.144171 -0.557931 0.817268
vn -0.136349 -0.986463 -0.091106
vn 0.699307 -0.628197 -0.341084
vn 0.831404 -0.012555 0.555527
vn -0.047507 -0.628198 0.776602
vn -0.296204 -0.934394 -0.197917
vn 0.577787 -0.612290 -0.539688
vn 0.813447 -0.207079 0.543528
vn -0.277498 -0.612290 0.740335
vn -0.444907 -0.844798 -0.297277
vn 0.465078 -0.470217 -0.750065
vn 0.763788 -0.395189 0.510347
vn -0.514992 -0.470217 0.716714
vn 0.760441 0.404417 0.508110
vn 0.393248 0.233183 -0.889371
vn -0.671182 0.233183 0.703662
vn 0.760442 -0.404415 0.508111
vn -0.671182 -0.233183 0.703662
vn 0.393249 -0.233183 -0.889371
vn 0.510347 0.395189 0.763788
vn 0.716714 0.470217 -0.514992
vn -0.297277 0.844799 -0.444906
vn -0.750065 0.470217 0.465079
vn 0.543528 0.207079 0.813447
vn 0.740335 0.612290 -0.277497
vn -0.197917 0.934394 -0.296204
vn -0.539688 0.612290 0.577787
vn 0.555526 0.012556 0.831404
vn 0.776602 0.628197 -0.047506
vn -0.091105 0.986463 -0.136349
vn -0.341083 0.628197 0.699307
vn 0.546406 -0.180885 0.817754
vn 0.817268 0.557931 0.144172
vn 0.018583 0.999440 0.027811
vn -0.179558 0.557931 0.810230
vn 0.516953 -0.366316 0.773675
vn 0.854259 0.432105 0.289011
vn 0.126684 0.973655 0.189595
vn -0.059900 0.432105 0.899832
vn 0.468509 -0.537452 0.701174
vn 0.881791 0.271818 0.385434
vn 0.229087 0.911027 0.342853
vn 0.018648 0.271817 0.962168
vn 0.402856 -0.688621 0.602916
vn 0.896367 0.092619 0.433529
vn 0.322177 0.814685 0.482172
vn 0.057504 0.092619 0.994040
vn 0.322177 -0.814685 0.482172
vn 0.896367 -0.092619 0.433529
vn 0.402856 0.688621 0.602916
vn 0.057504 -0.092619 0.994040
vn 0.229087 -0.911027 0.342853
vn 0.881791 -0.271818 0.385434
vn 0.468509 0.537452 0.701174
vn 0.018648 -0.271818 0.962168
vn 0.126683 -0.973656 0.189595
vn 0.854258 -0.432106 0.289011
vn 0.516953 0.366315 0.773675
vn -0.059899 -0.432106 0.899832
vn 0.018583 -0.999440 0.027811
vn 0.817268 -0.557931 0.144171
vn 0.546405 0.180885 0.817754
vn -0.179558 -0.557931 0.810229
vn -0.091106 -0.986463 -0.136349
vn 0.776602 -0.628198 -0.047507
vn 0.555526 -0.012555 0.831404
vn -0.341084 -0.628198 0.699307
vn -0.197917 -0.934394 -0.296204
vn 0.740335 -0.612290 -0.277497
vn 0.543528 -0.207079 0.813447
vn -0.539688 -0.612290 0.577787
vn -0.297277 -0.844799 -0.444907
vn 0.716714 -0.470217 -0.514992
vn 0.510347 -0.395189 0.763788
vn -0.750065 -0.470217 0.465078
vn 0.508110 0.404417 0.760441
vn 0.703662 0.233183 -0.671182
vn -0.889371 0.233183 0.393248
vn 0.508111 -0.404415 0.760442
vn -0.889371 -0.233183 0.393249
vn 0.703662 -0.233184 -0.671182
vn 0.179210 0.395189 0.900949
vn 0.859236 0.470217 -0.201516
vn -0.104390 0.844799 -0.524802
vn -0.870948 0.470217 0.142639
vn 0.190862 0.207079 0.959526
vn 0.790174 0.612290 0.026940
vn -0.069499 0.934394 -0.349397
vn -0.719716 0.612290 0.327276
vn 0.195075 0.012555 0.980708
vn 0.735667 0.628197 0.253303
vn -0.031992 0.986463 -0.160834
vn -0.582733 0.628197 0.515549
vn 0.191872 -0.180885 0.964606
vn 0.699885 0.557931 0.445952
vn 0.006525 0.999440 0.032806
vn -0.475951 0.557931 0.679841
vn 0.181530 -0.366316 0.912612
vn 0.678632 0.432105 0.593922
vn 0.044485 0.973655 0.223643
vn -0.399691 0.432105 0.808414
vn 0.164518 -0.537452 0.827091
vn 0.667169 0.271818 0.693542
vn 0.080445 0.911027 0.404423
vn -0.350977 0.271818 0.896064
vn 0.141464 -0.688621 0.711188
vn 0.662231 0.092619 0.743554
vn 0.113133 0.814685 0.568761
vn -0.327276 0.092620 0.940379
vn 0.113133 -0.814685 0.568761
vn 0.662231 -0.092619 0.743554
vn 0.141464 0.688621 0.711188
vn -0.327276 -0.092619 0.940379
vn 0.080445 -0.911027 0.404423
vn 0.667169 -0.271818 0.693542
vn 0.164519 0.537451 0.827091
vn -0.350977 -0.271818 0.896064
vn 0.044485 -0.973656 0.223643
vn 0.678632 -0.432106 0.593921
vn 0.181529 0.366315 0.912612
vn -0.399691 -0.432105 0.808414
vn 0.006525 -0.999440 0.032806
vn 0.699885 -0.557931 0.445952
vn 0.191872 0.180885 0.964607
vn -0.475951 -0.557931 0.679841
vn -0.031992 -0.986463 -0.160835
vn 0.735667 -0.628197 0.253302
vn 0.195075 -0.012556 0.980708
vn -0.582733 -0.628198 0.515548
vn -0.069499 -0.934394 -0.349397
vn 0.790174 -0.612290 0.026940
vn 0.190861 -0.207079 0.959526
vn -0.719716 -0.612290 0.327275
vn -0.104390 -0.844798 -0.524803
vn 0.859236 -0.470217 -0.201516
vn 0.179210 -0.395189 0.900949
vn -0.870948 -0.470217 0.142639
vn 0.178425 0.404417 0.897001
vn 0.906949 0.233183 -0.350812
vn -0.972162 0.233183 0.022966
vn 0.178425 -0.404415 0.897002
vn -0.972162 -0.233183 0.022967
vn 0.906949 -0.233183 -0.350811
vn -0.179210 0.395189 0.900949
vn 0.870948 0.470217 0.142639
vn 0.104390 0.844799 -0.524802
vn -0.859236 0.470217 -0.201516
vn -0.190862 0.207079 0.959526
vn 0.719716 0.612290 0.327276
vn 0.069499 0.934394 -0.349396
vn -0.790174 0.612290 0.026940
vn -0.195075 0.012556 0.980708
vn 0.582733 0.628197 0.515549
vn 0.031992 0.986463 -0.160834
vn -0.735667 0.628197 0.253303
vn -0.191872 -0.180885 0.964606
vn 0.475951 0.557931 0.679841
vn -0.006525 0.999440 0.032806
vn -0.699885 0.557931 0.445952
vn -0.181530 -0.366316 0.912611
vn 0.399691 0.432105 0.808414
vn -0.044485 0.973655 0.223643
vn -0.678633 0.432105 0.593922
vn -0.164519 -0.537452 0.827090
vn 0.350977 0.271818 0.896064
vn -0.080445 0.911027 0.404424
vn -0.667170 0.271817 0.693542
vn -0.141464 -0.688621 0.711188
vn 0.327276 0.092620 0.940379
vn -0.113134 0.814685 0.568761
vn -0.662231 0.092619 0.743554
vn -0.113134 -0.814685 0.568761
vn 0.327276 -0.092619 0.940379
vn -0.141464 0.688622 0.711188
vn -0.662231 -0.092619 0.743553
vn -0.080445 -0.911027 0.404423
vn 0.350977 -0.271818 0.896064
vn -0.164519 0.537452 0.827091
vn -0.667170 -0.271819 0.693541
vn -0.044485 -0.973656 0.223643
vn 0.399690 -0.432106 0.808413
vn -0.181530 0.366315 0.912612
vn -0.678632 -0.432105 0.593922
vn -0.006525 -0.999440 0.032805
vn 0.475951 -0.557931 0.679841
vn -0.191872 0.180885 0.964606
vn -0.699886 -0.557931 0.445952
vn 0.031992 -0.986463 -0.160835
vn 0.582733 -0.628198 0.515548
vn -0.195075 -0.012556 0.980708
vn -0.735667 -0.628197 0.253302
vn 0.069499 -0.934394 -0.349397
vn 0.719716 -0.612290 0.327276
vn -0.190862 -0.207079 0.959526
vn -0.790174 -0.612290 0.026939
vn 0.104390 -0.844798 -0.524803
vn 0.870948 -0.470217 0.142639
vn -0.179210 -0.395189 0.900949
vn -0.859236 -0.470217 -0.201516
vn -0.178425 0.404417 0.897001
vn 0.972162 0.233183 0.022967
vn -0.906949 0.233183 -0.350812
vn -0.178425 -0.404415 0.897002
vn -0.906949 -0.233183 -0.350811
vn 0.972162 -0.233183 0.022967
vn -0.510347 0.395189 0.763788
vn 0.750065 0.470217 0.465079
vn 0.297277 0.844799 -0.444906
vn -0.716714 0.470217 -0.514992
vn -0.543528 0.207079 0.813447
vn 0.539688 0.612290 0.577787
vn 0.197917 0.934394 -0.296204
vn -0.740335 0.612290 -0.277498
vn -0.555527 0.012555 0.831404
vn 0.341083 0.628197 0.699308
vn 0.091105 0.986463 -0.136348
vn -0.776602 0.628197 -0.047506
vn -0.546406 -0.180885 0.817754
vn 0.179558 0.557931 0.810229
vn -0.018583 0.999440 0.027811
vn -0.817268 0.557931 0.144172
vn -0.516953 -0.366316 0.773674
vn 0.059900 0.432105 0.899832
vn -0.126684 0.973655 0.189596
vn -0.854259 0.432105 0.289011
vn -0.468509 -0.537453 0.701173
vn -0.018648 0.271817 0.962168
vn -0.229088 0.911027 0.342854
vn -0.881791 0.271818 0.385434
vn -0.402856 -0.688621 0.602916
vn -0.057504 0.092619 0.994040
vn -0.322177 0.814685 0.482172
vn -0.896367 0.092619 0.433529
vn -0.322177 -0.814685 0.482172
vn -0.057504 -0.092619 0.994040
vn -0.402856 0.688621 0.602916
vn -0.896367 -0.092619 0.433529
vn -0.229087 -0.911027 0.342853
vn -0.018648 -0.271818 0.962168
vn -0.468509 0.537451 0.701174
vn -0.881791 -0.271818 0.385434
vn -0.126684 -0.973656 0.189595
vn 0.059899 -0.432105 0.899832
vn -0.516953 0.366315 0.773675
vn -0.854258 -0.432106 0.289010
vn -0.018583 -0.999440 0.027811
vn 0.179558 -0.557931 0.810229
vn -0.546406 0.180885 0.817754
vn -0.817268 -0.557931 0.144172
vn 0.091106 -0.986463 -0.136349
vn 0.341083 -0.628198 0.699307
vn -0.555527 -0.012556 0.831404
vn -0.776602 -0.628197 -0.047507
vn 0.197917 -0.934394 -0.296204
vn 0.539689 -0.612290 0.577787
vn -0.543528 -0.207078 0.813447
vn -0.740335 -0.612290 -0.277498
vn 0.297277 -0.844798 -0.444907
vn 0.750065 -0.470217 0.465078
vn -0.510347 -0.395189 0.763788
vn -0.716714 -0.470217 -0.514992
vn -0.508111 0.404417 0.760441
vn 0.889371 0.233183 0.393248
vn -0.703662 0.233183 -0.671182
vn -0.508111 -0.404415 0.760442
vn -0.703662 -0.233183 -0.671182
vn 0.889371 -0.233183 0.393249
vn -0.763788 0.395189 0.510347
vn 0.514992 0.470217 0.716714
vn 0.444906 0.844799 -0.297277
vn -0.465079 0.470217 -0.750065
vn -0.813447 0.207079 0.543528
vn 0.277498 0.612290 0.740335
vn 0.296204 0.934394 -0.197917
vn -0.577787 0.612290 -0.539688
vn -0.831404 0.012555 0.555526
vn 0.047506 0.628197 0.776603
vn 0.136349 0.986463 -0.091105
vn -0.699307 0.628197 -0.341083
vn -0.817754 -0.180885 0.546406
vn -0.144172 0.557931 0.817268
vn -0.027811 0.999440 0.018583
vn -0.810229 0.557931 -0.179558
vn -0.773675 -0.366316 0.516953
vn -0.289011 0.432105 0.854259
vn -0.189596 0.973655 0.126684
vn -0.899832 0.432105 -0.059899
vn -0.701174 -0.537452 0.468509
vn -0.385434 0.271818 0.881791
vn -0.342854 0.911027 0.229088
vn -0.962168 0.271818 0.018648
vn -0.602916 -0.688621 0.402856
vn -0.433529 0.092619 0.896367
vn -0.482172 0.814685 0.322177
vn -0.994040 0.092619 0.057504
vn -0.482172 -0.814685 0.322177
vn -0.433529 -0.092619 0.896367
vn -0.602916 0.688621 0.402856
vn -0.994040 -0.092619 0.057504
vn -0.342853 -0.911027 0.229087
vn -0.385434 -0.271818 0.881791
vn -0.701174 0.537451 0.468509
vn -0.962168 -0.271818 0.018648
vn -0.189595 -0.973656 0.126683
vn -0.289011 -0.432106 0.854258
vn -0.773675 0.366315 0.516953
vn -0.899832 -0.432105 -0.059900
vn -0.027811 -0.999440 0.018583
vn -0.144172 -0.557931 0.817268
vn -0.817754 0.180885 0.546406
vn -0.810229 -0.557931 -0.179558
vn 0.136349 -0.986463 -0.091106
vn 0.047507 -0.628197 0.776602
vn -0.831404 -0.012555 0.555526
vn -0.699307 -0.628197 -0.341084
vn 0.296204 -0.934394 -0.197917
vn 0.277498 -0.612290 0.740335
vn -0.813447 -0.207079 0.543528
vn -0.577787 -0.612290 -0.539689
vn 0.444907 -0.844798 -0.297277
vn 0.514992 -0.470217 0.716714
vn -0.763788 -0.395189 0.510347
vn -0.465078 -0.470217 -0.750065
vn -0.760441 0.404417 0.508110
vn 0.671182 0.233183 0.703662
vn -0.393248 0.233183 -0.889371
vn -0.760442 -0.404415 0.508111
vn -0.393249 -0.233183 -0.889371
vn 0.671182 -0.233183 0.703662
vn -0.900949 0.395188 0.179210
vn 0.201516 0.470217 0.859236
vn 0.524802 0.844799 -0.104389
vn -0.142639 0.470217 -0.870948
vn -0.959526 0.207079 0.190861
vn -0.026940 0.612290 0.790174
vn 0.349396 0.934394 -0.069499
vn -0.327276 0.612290 -0.719716
vn -0.980708 0.012555 0.195075
vn -0.253303 0.628197 0.735667
vn 0.160834 0.986463 -0.031992
vn -0.515549 0.628197 -0.582733
vn -0.964606 -0.180885 0.191872
vn -0.445952 0.557931 0.699885
vn -0.032806 0.999440 0.006525
vn -0.679841 0.557931 -0.475951
vn -0.912611 -0.366317 0.181529
vn -0.593922 0.432105 0.678632
vn -0.223644 0.973655 0.044486
vn -0.808414 0.432105 -0.399691
vn -0.827091 -0.537452 0.164518
vn -0.693542 0.271818 0.667169
vn -0.404424 0.911027 0.080445
vn -0.896064 0.271818 -0.350977
vn -0.711188 -0.688621 0.141464
vn -0.743554 0.092619 0.662231
vn -0.568761 0.814685 0.113133
vn -0.940379 0.092620 -0.327276
vn -0.568761 -0.814685 0.113133
vn -0.743554 -0.092619 0.662231
vn -0.711188 0.688621 0.141464
vn -0.940379 -0.092619 -0.327276
vn -0.404423 -0.911027 0.080445
vn -0.693542 -0.271818 0.667169
vn -0.827091 0.537451 0.164518
vn -0.896063 -0.271818 -0.350977
vn -0.223643 -0.973655 0.044485
vn -0.593921 -0.432106 0.678632
vn -0.912612 0.366316 0.181529
vn -0.808413 -0.432106 -0.399691
vn -0.032806 -0.999440 0.006525
vn -0.445952 -0.557931 0.699885
vn -0.964606 0.180886 0.191872
vn -0.679840 -0.557931 -0.475951
vn 0.160835 -0.986463 -0.031992
vn -0.253302 -0.628197 0.735667
vn -0.980708 -0.012556 0.195075
vn -0.515548 -0.628197 -0.582733
vn 0.349397 -0.934394 -0.069499
vn -0.026940 -0.612290 0.790174
vn -0.959526 -0.207078 0.190861
vn -0.327275 -0.612290 -0.719717
vn 0.524803 -0.844798 -0.104390
vn 0.201516 -0.470217 0.859236
vn -0.900949 -0.395189 0.179210
vn -0.142639 -0.470217 -0.870948
vn -0.897001 0.404417 0.178425
vn 0.350812 0.233183 0.906949
vn -0.022966 0.233183 -0.972162
vn -0.897002 -0.404415 0.178425
vn -0.022967 -0.233183 -0.972162
vn 0.350811 -0.233183 0.906949
vn -0.900949 0.395189 -0.179210
vn -0.142639 0.470217 0.870948
vn 0.524803 0.844799 0.104390
vn 0.201516 0.470217 -0.859236
vn -0.959526 0.207079 -0.190862
vn -0.327276 0.612290 0.719716
vn 0.349396 0.934394 0.069499
vn -0.026940 0.612290 -0.790174
vn -0.980708 0.012555 -0.195075
vn -0.515549 0.628197 0.582733
vn 0.160834 0.986463 0.031992
vn -0.253303 0.628197 -0.735667
vn -0.964606 -0.180885 -0.191872
vn -0.679840 0.557931 0.475951
vn -0.032806 0.999440 -0.006525
vn -0.445952 0.557931 -0.699885
vn -0.912611 -0.366317 -0.181530
vn -0.808414 0.432105 0.399690
vn -0.223644 0.973655 -0.044486
vn -0.593922 0.432104 -0.678633
vn -0.827090 -0.537453 -0.164519
vn -0.896064 0.271818 0.350977
vn -0.404423 0.911027 -0.080445
vn -0.693542 0.271818 -0.667170
vn -0.711188 -0.688621 -0.141464
vn -0.940379 0.092620 0.327276
vn -0.568761 0.814685 -0.113134
vn -0.743553 0.092619 -0.662231
vn -0.568761 -0.814685 -0.113134
vn -0.940379 -0.092619 0.327276
vn -0.711188 0.688621 -0.141464
vn -0.743554 -0.092619 -0.662231
vn -0.404423 -0.911027 -0.080445
vn -0.896064 -0.271818 0.350977
vn -0.827091 0.537452 -0.164519
vn -0.693541 -0.271819 -0.667170
vn -0.223643 -0.973655 -0.044485
vn -0.808414 -0.432105 0.399690
vn -0.912612 0.366315 -0.181530
vn -0.593922 -0.432106 -0.678632
vn -0.032805 -0.999440 -0.006525
vn -0.679841 -0.557931 0.475951
vn -0.964606 0.180886 -0.191872
vn -0.445952 -0.557931 -0.699886
vn 0.160835 -0.986463 0.031992
vn -0.515548 -0.628198 0.582733
vn -0.980708 -0.012556 -0.195075
vn -0.253302 -0.628197 -0.735667
vn 0.349396 -0.934394 0.069499
vn -0.327276 -0.612290 0.719717
vn -0.959526 -0.207078 -0.190862
vn -0.026939 -0.612290 -0.790174
vn 0.524803 -0.844799 0.104390
vn -0.142639 -0.470217 0.870948
vn -0.900949 -0.395189 -0.179210
vn 0.201516 -0.470217 -0.859236
vn -0.897001 0.404417 -0.178425
vn -0.022967 0.233183 0.972162
vn 0.350812 0.233183 -0.906949
vn -0.897002 -0.404415 -0.178425
vn 0.350811 -0.233183 -0.906949
vn -0.022967 -0.233183 0.972162
vn -0.763788 0.395189 -0.510347
vn -0.465079 0.470217 0.750065
vn 0.444906 0.844799 0.297277
vn 0.514992 0.470217 -0.716714
vn -0.813447 0.207079 -0.543528
vn -0.577787 0.612290 0.539688
vn 0.296204 0.934394 0.197917
vn 0.277498 0.612290 -0.740335
vn -0.831404 0.012555 -0.555527
vn -0.699307 0.628197 0.341083
vn 0.136349 0.986463 0.091106
vn 0.047507 0.628197 -0.776603
vn -0.817754 -0.180885 -0.546406
vn -0.810229 0.557931 0.179558
vn -0.027811 0.999440 -0.018583
vn -0.144172 0.557931 -0.817268
vn -0.773674 -0.366317 -0.516953
vn -0.899832 0.432105 0.059899
vn -0.189596 0.973655 -0.126684
vn -0.289011 0.432104 -0.854259
vn -0.701173 -0.537452 -0.468509
vn -0.962168 0.271817 -0.018649
vn -0.342854 0.911027 -0.229088
vn -0.385434 0.271818 -0.881791
vn -0.602916 -0.688621 -0.402856
vn -0.994040 0.092619 -0.057504
vn -0.482172 0.814685 -0.322177
vn -0.433529 0.092619 -0.896367
vn -0.482172 -0.814685 -0.322177
vn -0.994040 -0.092619 -0.057504
vn -0.602916 0.688621 -0.402856
vn -0.433529 -0.092619 -0.896367
vn -0.342853 -0.911027 -0.229087
vn -0.962168 -0.271818 -0.018648
vn -0.701174 0.537451 -0.468510
vn -0.385434 -0.271818 -0.881791
vn -0.189595 -0.973655 -0.126684
vn -0.899832 -0.432106 0.059899
vn -0.773675 0.366316 -0.516953
vn -0.289010 -0.432105 -0.854259
vn -0.027811 -0.999440 -0.018583
vn -0.810229 -0.557931 0.179558
vn -0.817754 0.180885 -0.546406
vn -0.144171 -0.557931 -0.817268
vn 0.136349 -0.986463 0.091106
vn -0.699307 -0.628198 0.341083
vn -0.831404 -0.012556 -0.555527
vn 0.047507 -0.628197 -0.776602
vn 0.296204 -0.934394 0.197917
vn -0.577787 -0.612290 0.539688
vn -0.813447 -0.207079 -0.543528
vn 0.277498 -0.612290 -0.740335
vn 0.444907 -0.844798 0.297277
vn -0.465078 -0.470217 0.750065
vn -0.763788 -0.395189 -0.510347
vn 0.514992 -0.470217 -0.716714
vn -0.760441 0.404417 -0.508111
vn -0.393248 0.233183 0.889371
vn 0.671182 0.233183 -0.703662
vn -0.760442 -0.404415 -0.508111
vn 0.671182 -0.233183 -0.703662
vn -0.393249 -0.233183 0.889371
vn -0.510347 0.395188 -0.763788
vn -0.716714 0.470217 0.514992
vn 0.297277 0.844799 0.444906
vn 0.750065 0.470217 -0.465079
vn -0.543528 0.207079 -0.813447
vn -0.740335 0.612290 0.277498
vn 0.197917 0.934394 0.296204
vn 0.539688 0.612290 -0.577787
vn -0.555526 0.012556 -0.831404
vn -0.776603 0.628197 0.047506
vn 0.091106 0.986463 0.136349
vn 0.341083 0.628197 -0.699307
vn -0.546406 -0.180885 -0.817754
vn -0.817268 0.557932 -0.144171
vn -0.018583 0.999440 -0.027811
vn 0.179558 0.557931 -0.810229
vn -0.516953 -0.366317 -0.773674
vn -0.854259 0.432104 -0.289011
vn -0.126684 0.973655 -0.189596
vn 0.059899 0.432105 -0.899832
vn -0.468509 -0.537452 -0.701174
vn -0.881791 0.271818 -0.385435
vn -0.229088 0.911027 -0.342854
vn -0.018649 0.271817 -0.962168
vn -0.402856 -0.688621 -0.602916
vn -0.896367 0.092619 -0.433529
vn -0.322177 0.814685 -0.482172
vn -0.057503 0.092619 -0.994040
vn -0.322177 -0.814685 -0.482172
vn -0.896367 -0.092619 -0.433529
vn -0.402856 0.688621 -0.602916
vn -0.057504 -0.092619 -0.994040
vn -0.229087 -0.911027 -0.342853
vn -0.881791 -0.271818 -0.385434
vn -0.468509 0.537451 -0.701174
vn -0.018648 -0.271819 -0.962168
vn -0.126683 -0.973656 -0.189595
vn -0.854259 -0.432105 -0.289010
vn -0.516953 0.366316 -0.773675
vn 0.059900 -0.432105 -0.899832
vn -0.018583 -0.999440 -0.027811
vn -0.817268 -0.557931 -0.144172
vn -0.546405 0.180885 -0.817754
vn 0.179558 -0.557931 -0.810229
vn 0.091106 -0.986463 0.136349
vn -0.776602 -0.628197 0.047507
vn -0.555526 -0.012556 -0.831404
vn 0.341084 -0.628197 -0.699307
vn 0.197917 -0.934394 0.296204
vn -0.740335 -0.612290 0.277498
vn -0.543528 -0.207079 -0.813447
vn 0.539689 -0.612290 -0.577787
vn 0.297277 -0.844798 0.444907
vn -0.716714 -0.470217 0.514992
vn -0.510347 -0.395189 -0.763788
vn 0.750065 -0.470217 -0.465078
vn -0.508110 0.404417 -0.760441
vn -0.703662 0.233183 0.671182
vn 0.889371 0.233183 -0.393248
vn -0.508111 -0.404415 -0.760442
vn 0.889371 -0.233183 -0.393249
vn -0.703662 -0.233183 0.671182
vn -0.179210 0.395188 -0.900949
vn -0.859236 0.470217 0.201516
vn 0.104390 0.844799 0.524803
vn 0.870948 0.470217 -0.142639
vn -0.190861 0.207078 -0.959526
vn -0.790174 0.612290 -0.026940
vn 0.069499 0.934394 0.349397
vn 0.719716 0.612290 -0.327276
vn -0.195075 0.012555 -0.980708
vn -0.735667 0.628197 -0.253303
vn 0.031992 0.986463 0.160835
vn 0.582733 0.628197 -0.515549
vn -0.191872 -0.180885 -0.964606
vn -0.699885 0.557932 -0.445952
vn -0.006525 0.999440 -0.032806
vn 0.475951 0.557931 -0.679840
vn -0.181529 -0.366317 -0.912611
vn -0.678632 0.432104 -0.593922
vn -0.044486 0.973655 -0.223644
vn 0.399690 0.432104 -0.808414
vn -0.164518 -0.537452 -0.827091
vn -0.667169 0.271817 -0.693542
vn -0.080445 0.911027 -0.404424
vn 0.350977 0.271818 -0.896064
vn -0.141464 -0.688621 -0.711188
vn -0.662231 0.092619 -0.743554
vn -0.113133 0.814685 -0.568761
vn 0.327276 0.092620 -0.940379
vn -0.113133 -0.814685 -0.568761
vn -0.662231 -0.092619 -0.743554
vn -0.141464 0.688621 -0.711188
vn 0.327276 -0.092619 -0.940379
vn -0.080445 -0.911027 -0.404423
vn -0.667169 -0.271819 -0.693542
vn -0.164518 0.537451 -0.827091
vn 0.350977 -0.271818 -0.896063
vn -0.044485 -0.973655 -0.223643
vn -0.678632 -0.432106 -0.593922
vn -0.181530 0.366316 -0.912612
vn 0.399691 -0.432105 -0.808414
vn -0.006525 -0.999440 -0.032805
vn -0.699885 -0.557931 -0.445952
vn -0.191872 0.180885 -0.964607
vn 0.475951 -0.557931 -0.679840
vn 0.031992 -0.986463 0.160835
vn -0.735667 -0.628197 -0.253302
vn -0.195075 -0.012555 -0.980708
vn 0.582733 -0.628197 -0.515548
vn 0.069499 -0.934394 0.349397
vn -0.790174 -0.612290 -0.026940
vn -0.190862 -0.207079 -0.959526
vn 0.719717 -0.612290 -0.327275
vn 0.104390 -0.844798 0.524803
vn -0.859236 -0.470217 0.201516
vn -0.179210 -0.395189 -0.900949
vn 0.870948 -0.470217 -0.142639
vn -0.178425 0.404417 -0.897002
vn -0.906949 0.233183 0.350812
vn 0.972162 0.233183 -0.022966
vn -0.178425 -0.404414 -0.897003
vn 0.972162 -0.233183 -0.022967
vn -0.906949 -0.233183 0.350811
vn 0.179210 0.395188 -0.900949
vn -0.870948 0.470217 -0.142639
vn -0.104390 0.844799 0.524802
vn 0.859236 0.470217 0.201516
vn 0.190862 0.207078 -0.959526
vn -0.719716 0.612290 -0.327276
vn -0.069499 0.934394 0.349396
vn 0.790174 0.612290 -0.026940
vn 0.195075 0.012556 -0.980708
vn -0.582733 0.628197 -0.515549
vn -0.031992 0.986463 0.160835
vn 0.735667 0.628197 -0.253302
vn 0.191872 -0.180885 -0.964606
vn -0.475951 0.557932 -0.679840
vn 0.006525 0.999440 -0.032806
vn 0.699885 0.557931 -0.445952
vn 0.181530 -0.366317 -0.912611
vn -0.399691 0.432104 -0.808414
vn 0.044486 0.973655 -0.223644
vn 0.678633 0.432104 -0.593922
vn 0.164519 -0.537452 -0.827091
vn -0.350977 0.271817 -0.896064
vn 0.080445 0.911027 -0.404424
vn 0.667169 0.271817 -0.693542
vn 0.141464 -0.688622 -0.711188
vn -0.327276 0.092620 -0.940379
vn 0.113134 0.814685 -0.568760
vn 0.662231 0.092619 -0.743553
vn 0.113134 -0.814685 -0.568761
vn -0.327276 -0.092619 -0.940379
vn 0.141464 0.688622 -0.711188
vn 0.662231 -0.092619 -0.743553
vn 0.080445 -0.911027 -0.404423
vn -0.350977 -0.271818 -0.896064
vn 0.164519 0.537451 -0.827091
vn 0.667170 -0.271818 -0.693541
vn 0.044485 -0.973655 -0.223643
vn -0.399691 -0.432105 -0.808414
vn 0.181530 0.366316 -0.912611
vn 0.678633 -0.432105 -0.593921
vn 0.006525 -0.999440 -0.032805
vn -0.475951 -0.557931 -0.679840
vn 0.191872 0.180885 -0.964606
vn 0.699886 -0.557931 -0.445952
vn -0.031992 -0.986463 0.160835
vn -0.582733 -0.628197 -0.515548
vn 0.195075 -0.012555 -0.980708
vn 0.735667 -0.628197 -0.253302
vn -0.069499 -0.934394 0.349397
vn -0.719717 -0.612290 -0.327276
vn 0.190862 -0.207078 -0.959526
vn 0.790174 -0.612290 -0.026939
vn -0.104390 -0.844798 0.524803
vn -0.870948 -0.470217 -0.142639
vn 0.179210 -0.395189 -0.900949
vn 0.859236 -0.470217 0.201516
vn 0.178425 0.404417 -0.897002
vn -0.972162 0.233183 -0.022967
vn 0.906949 0.233183 0.350812
vn 0.178425 -0.404414 -0.897003
vn 0.906949 -0.233183 0.350811
vn -0.972162 -0.233183 -0.022967
vn 0.510347 0.395188 -0.763788
vn -0.750065 0.470217 -0.465079
vn -0.297277 0.844799 0.444906
vn 0.716714 0.470217 0.514992
vn 0.543528 0.207078 -0.813447
vn -0.539688 0.612290 -0.577787
vn -0.197917 0.934394 0.296204
vn 0.740335 0.612290 0.277498
vn 0.555527 0.012555 -0.831404
vn -0.341083 0.628197 -0.699307
vn -0.091106 0.986463 0.136349
vn 0.776603 0.628197 0.047507
vn 0.546406 -0.180884 -0.817754
vn -0.179558 0.557931 -0.810229
vn 0.018582 0.999440 -0.027810
vn 0.817268 0.557931 -0.144171
vn 0.516953 -0.366317 -0.773674
vn -0.059899 0.432104 -0.899832
vn 0.126684 0.973655 -0.189596
vn 0.854259 0.432104 -0.289011
vn 0.468509 -0.537452 -0.701174
vn 0.018649 0.271817 -0.962168
vn 0.229088 0.911027 -0.342854
vn 0.881791 0.271818 -0.385434
vn 0.402856 -0.688621 -0.602916
vn 0.057504 0.092619 -0.994040
vn 0.322177 0.814685 -0.482172
vn 0.896367 0.092619 -0.433529
vn 0.322177 -0.814685 -0.482172
vn 0.057504 -0.092619 -0.994040
vn 0.402856 0.688621 -0.602916
vn 0.896367 -0.092619 -0.433529
vn 0.229087 -0.911027 -0.342853
vn 0.018648 -0.271818 -0.962168
vn 0.468510 0.537451 -0.701174
vn 0.881791 -0.271818 -0.385434
vn 0.126684 -0.973655 -0.189595
vn -0.059899 -0.432105 -0.899832
vn 0.516953 0.366316 -0.773675
vn 0.854259 -0.432105 -0.289010
vn 0.018583 -0.999440 -0.027811
vn -0.179558 -0.557931 -0.810229
vn 0.546406 0.180885 -0.817754
vn 0.817268 -0.557931 -0.144171
vn -0.091106 -0.986463 0.136349
vn -0.341083 -0.628197 -0.699307
vn 0.555527 -0.012555 -0.831404
vn 0.776602 -0.628197 0.047507
vn -0.197917 -0.934394 0.296204
vn -0.539688 -0.612290 -0.577787
vn 0.543528 -0.207078 -0.813447
vn 0.740335 -0.612290 0.277498
vn -0.297277 -0.844798 0.444907
vn -0.750065 -0.470217 -0.465078
vn 0.510347 -0.395189 -0.763788
vn 0.716714 -0.470217 0.514992
vn 0.508110 0.404417 -0.760441
vn -0.889371 0.233183 -0.393249
vn 0.703662 0.233183 0.671182
vn 0.508111 -0.404415 -0.760442
vn 0.703662 -0.233183 0.671182
vn -0.889371 -0.233183 -0.393249
vn 0.763788 0.395188 -0.510347
vn -0.514992 0.470217 -0.716714
vn -0.444906 0.844799 0.297277
vn 0.465079 0.470217 0.750065
vn 0.813447 0.207078 -0.543528
vn -0.277497 0.612290 -0.740335
vn -0.296204 0.934394 0.197917
vn 0.577787 0.612290 0.539688
vn 0.831404 0.012556 -0.555526
vn -0.047506 0.628197 -0.776603
vn -0.136349 0.986463 0.091106
vn 0.699307 0.628197 0.341083
vn 0.817754 -0.180884 -0.546406
vn 0.144171 0.557932 -0.817268
vn 0.027810 0.999440 -0.018582
vn 0.810229 0.557931 0.179558
vn 0.773674 -0.366317 -0.516952
vn 0.289012 0.432104 -0.854259
vn 0.189596 0.973655 -0.126684
vn 0.899832 0.432104 0.059899
vn 0.701174 -0.537452 -0.468509
vn 0.385434 0.271818 -0.881791
vn 0.342854 0.911027 -0.229088
vn 0.962168 0.271817 -0.018648
vn 0.602916 -0.688621 -0.402856
vn 0.433529 0.092619 -0.896367
vn 0.482172 0.814685 -0.322177
vn 0.994040 0.092620 -0.057503
vn 0.482172 -0.814685 -0.322177
vn 0.433529 -0.092619 -0.896367
vn 0.602916 0.688622 -0.402856
vn 0.994040 -0.092620 -0.057503
vn 0.342853 -0.911027 -0.229087
vn 0.385434 -0.271818 -0.881791
vn 0.701174 0.537452 -0.468509
vn 0.962168 -0.271818 -0.018648
vn 0.189595 -0.973656 -0.126683
vn 0.289010 -0.432105 -0.854259
vn 0.773675 0.366316 -0.516953
vn 0.899832 -0.432105 0.059900
vn 0.027811 -0.999440 -0.018583
vn 0.144171 -0.557931 -0.817268
vn 0.817754 0.180885 -0.546406
vn 0.810229 -0.557931 0.179558
vn -0.136349 -0.986463 0.091106
vn -0.047507 -0.628197 -0.776602
vn 0.831404 -0.012555 -0.555526
vn 0.699307 -0.628197 0.341084
vn -0.296204 -0.934394 0.197917
vn -0.277497 -0.612290 -0.740335
vn 0.813447 -0.207078 -0.543528
vn 0.577787 -0.612290 0.539689
vn -0.444907 -0.844798 0.297277
vn -0.514992 -0.470217 -0.716714
vn 0.763788 -0.395189 -0.510347
vn 0.465078 -0.470217 0.750065
vn 0.760441 0.404417 -0.508110
vn -0.671182 0.233183 -0.703662
vn 0.393248 0.233183 0.889371
vn 0.760442 -0.404414 -0.508111
vn 0.393249 -0.233183 0.889371
vn -0.671182 -0.233183 -0.703662
vn 0.900949 0.395189 -0.179211
vn -0.201516 0.470217 -0.859237
vn -0.524802 0.844799 0.104390
vn 0.142639 0.470217 0.870948
vn 0.959526 0.207078 -0.190863
vn 0.026940 0.612289 -0.790175
vn -0.349396 0.934394 0.069500
vn 0.327276 0.612290 0.719716
vn 0.980708 0.012556 -0.195076
vn 0.253302 0.628197 -0.735668
vn -0.160835 0.986463 0.031992
vn 0.515549 0.628197 0.582733
vn 0.964606 -0.180885 -0.191872
vn 0.445952 0.557932 -0.699885
vn 0.032806 0.999440 -0.006525
vn 0.679841 0.557931 0.475951
vn 0.912611 -0.366317 -0.181531
vn 0.593922 0.432104 -0.678633
vn 0.223644 0.973655 -0.044486
vn 0.808414 0.432106 0.399690
vn 0.827090 -0.537452 -0.164520
vn 0.693541 0.271818 -0.667170
vn 0.404423 0.911027 -0.080445
vn 0.896064 0.271818 0.350976
vn 0.711188 -0.688621 -0.141465
vn 0.743552 0.092619 -0.662232
vn 0.568761 0.814685 -0.113134
vn 0.940379 0.092619 0.327275
vn 0.568761 -0.814685 -0.113134
vn 0.743553 -0.092619 -0.662232
vn 0.711188 0.688621 -0.141465
vn 0.940379 -0.092620 0.327275
vn 0.404423 -0.911027 -0.080445
vn 0.693541 -0.271818 -0.667170
vn 0.827091 0.537452 -0.164519
vn 0.896064 -0.271818 0.350977
vn 0.223642 -0.973656 -0.044485
vn 0.593921 -0.432105 -0.678633
vn 0.912611 0.366315 -0.181531
vn 0.808413 -0.432106 0.399690
vn 0.032805 -0.999440 -0.006525
vn 0.445952 -0.557931 -0.699886
vn 0.964606 0.180885 -0.191873
vn 0.679841 -0.557931 0.475951
vn -0.160835 -0.986463 0.031992
vn 0.253302 -0.628197 -0.735667
vn 0.980708 -0.012556 -0.195076
vn 0.515548 -0.628198 0.582733
vn -0.349396 -0.934394 0.069500
vn 0.026940 -0.612289 -0.790175
vn 0.959526 -0.207078 -0.190863
vn 0.327276 -0.612290 0.719716
vn -0.524803 -0.844798 0.104390
vn -0.201516 -0.470217 -0.859237
vn 0.900949 -0.395189 -0.179211
vn 0.142639 -0.470217 0.870948
vn 0.897001 0.404417 -0.178426
vn -0.350812 0.233183 -0.906949
vn 0.022967 0.233183 0.972162
vn 0.897002 -0.404415 -0.178426
vn 0.022967 -0.233184 0.972161
vn -0.350811 -0.233183 -0.906949
vt 0.685644 0.871287
vt 0.747525 0.871287
vt 0.747525 0.933168
vt 0.685644 0.933168
vt 0.685644 0.809406
vt 0.747525 0.809406
vt 0.747525 0.871287
vt 0.685644 0.871287
vt 0.685644 0.747525
vt 0.747525 0.747525
vt 0.747525 0.809406
vt 0.685644 0.809406
vt 0.685644 0.685643
vt 0.747525 0.685643
vt 0.747525 0.747525
vt 0.685644 0.747525
vt 0.685644 0.623762
vt 0.747525 0.623762
vt 0.747525 0.685643
vt 0.685644 0.685643
vt 0.685644 0.561881
vt 0.747525 0.561881
vt 0.747525 0.623762
vt 0.685644 0.623762
vt 0.685644 0.500000
vt 0.747525 0.500000
vt 0.747525 0.561881
vt 0.685644 0.561881
vt 0.685644 0.438119
vt 0.747525 0.438119
vt 0.747525 0.500000
vt 0.685644 0.500000
vt 0.685644 0.376238
vt 0.747525 0.376238
vt 0.747525 0.438119
vt 0.685644 0.438119
vt 0.685644 0.314356
vt 0.747525 0.314356
vt 0.747525 0.376238
vt 0.685644 0.376238
vt 0.685644 0.252475
vt 0.747525 0.252475
vt 0.747525 0.314356
vt 0.685644 0.314356
vt 0.685644 0.190594
vt 0.747525 0.190594
vt 0.747525 0.252475
vt 0.685644 0.252475
vt 0.685644 0.128713
vt 0.747525 0.128713
vt 0.747525 0.190594
vt 0.685644 0.190594
vt 0.685644 0.066832
vt 0.747525 0.066832
vt 0.747525 0.128713
vt 0.685644 0.128713
vt 0.685644 0.933168
vt 0.747525 0.933168
vt 0.716584 0.995049
vt 0.747525 0.066832
vt 0.685644 0.066832
vt 0.716584 0.004951
vt 0.623762 0.871287
vt 0.685644 0.871287
vt 0.685644 0.933168
vt 0.623762 0.933168
vt 0.623762 0.809406
vt 0.685644 0.809406
vt 0.685644 0.871287
vt 0.623762 0.871287
vt 0.623762 0.747525
vt 0.685644 0.747525
vt 0.685644 0.809406
vt 0.623762 0.809406
vt 0.623762 0.685643
vt 0.685644 0.685643
vt 0.685644 0.747525
vt 0.623762 0.747525
vt 0.623762 0.623762
vt 0.685644 0.623762
vt 0.685644 0.685643
vt 0.623762 0.685643
vt 0.623762 0.561881
vt 0.685644 0.561881
vt 0.685644 0.623762
vt 0.623762 0.623762
vt 0.623762 0.500000
vt 0.685644 0.500000
vt 0.685644 0.561881
vt 0.623762 0.561881
vt 0.623762 0.438119
vt 0.685644 0.438119
vt 0.685644 0.500000
vt 0.623762 0.500000
vt 0.623762 0.376238
vt 0.685644 0.376238
vt 0.685644 0.438119
vt 0.623762 0.438119
vt 0.623762 0.314356
vt 0.685644 0.314356
vt 0.685644 0.376238
vt 0.623762 0.376238
vt 0.623762 0.252475
vt 0.685644 0.252475
vt 0.685644 0.314356
vt 0.623762 0.314356
vt 0.623762 0.190594
vt 0.685644 0.190594
vt 0.685644 0.252475
vt 0.623762 0.252475
vt 0.623762 0.128713
vt 0.685644 0.128713
vt 0.685644 0.190594
vt 0.623762 0.190594
vt 0.623762 0.066832
vt 0.685644 0.066832
vt 0.685644 0.128713
vt 0.623762 0.128713
vt 0.623762 0.933168
vt 0.685644 0.933168
vt 0.654703 0.995049
vt 0.685644 0.066832
vt 0.623762 0.066832
vt 0.654703 0.004951
vt 0.561881 0.871287
vt 0.623762 0.871287
vt 0.623762 0.933168
vt 0.561881 0.933168
vt 0.561881 0.809406
vt 0.623762 0.809406
vt 0.623762 0.871287
vt 0.561881 0.871287
vt 0.561881 0.747525
vt 0.623762 0.747525
vt 0.623762 0.809406
vt 0.561881 0.809406
vt 0.561881 0.685643
vt 0.623762 0.685643
vt 0.623762 0.747525
vt 0.561881 0.747525
vt 0.561881 0.623762
vt 0.623762 0.623762
vt 0.623762 0.685643
vt 0.561881 0.685643
vt 0.561881 0.561881
vt 0.623762 0.561881
vt 0.623762 0.623762
vt 0.561881 0.623762
vt 0.561881 0.500000
vt 0.623762 0.500000
vt 0.623762 0.561881
vt 0.561881 0.561881
vt 0.561881 0.438119
vt 0.623762 0.438119
vt 0.623762 0.500000
vt 0.561881 0.500000
vt 0.561881 0.376238
vt 0.623762 0.376238
vt 0.623762 0.438119
vt 0.561881 0.438119
vt 0.561881 0.314356
vt 0.623762 0.314356
vt 0.623762 0.376238
vt 0.561881 0.376238
vt 0.561881 0.252475
vt 0.623762 0.252475
vt 0.623762 0.314356
vt 0.561881 0.314356
vt 0.561881 0.190594
vt 0.623762 0.190594
vt 0.623762 0.252475
vt 0.561881 0.252475
vt 0.561881 0.128713
vt 0.623762 0.128713
vt 0.623762 0.190594
vt 0.561881 0.190594
vt 0.561881 0.066832
vt 0.623762 0.066832
vt 0.623762 0.128713
vt 0.561881 0.128713
vt 0.561881 0.933168
vt 0.623762 0.933168
vt 0.592822 0.995049
vt 0.623762 0.066832
vt 0.561881 0.066832
vt 0.592822 0.004951
vt 0.500000 0.871287
vt 0.561881 0.871287
vt 0.561881 0.933168
vt 0.500000 0.933168
vt 0.500000 0.809406
vt 0.561881 0.809406
vt 0.561881 0.871287
vt 0.500000 0.871287
vt 0.500000 0.747525
vt 0.561881 0.747525
vt 0.561881 0.809406
vt 0.500000 0.809406
vt 0.500000 0.685643
vt 0.561881 0.685643
vt 0.561881 0.747525
vt 0.500000 0.747525
vt 0.500000 0.623762
vt 0.561881 0.623762
vt 0.561881 0.685643
vt 0.500000 0.685643
vt 0.500000 0.561881
vt 0.561881 0.561881
vt 0.561881 0.623762
vt 0.500000 0.623762
vt 0.500000 0.500000
vt 0.561881 0.500000
vt 0.561881 0.561881
vt 0.500000 0.561881
vt 0.500000 0.438119
vt 0.561881 0.438119
vt 0.561881 0.500000
vt 0.500000 0.500000
vt 0.500000 0.376238
vt 0.561881 0.376238
vt 0.561881 0.438119
vt 0.500000 0.438119
vt 0.500000 0.314356
vt 0.561881 0.314356
vt 0.561881 0.376238
vt 0.500000 0.376238
vt 0.500000 0.252475
vt 0.561881 0.252475
vt 0.561881 0.314356
vt 0.500000 0.314356
vt 0.500000 0.190594
vt 0.561881 0.190594
vt 0.561881 0.252475
vt 0.500000 0.252475
vt 0.500000 0.128713
vt 0.561881 0.128713
vt 0.561881 0.190594
vt 0.500000 0.190594
vt 0.500000 0.066832
vt 0.561881 0.066832
vt 0.561881 0.128713
vt 0.500000 0.128713
vt 0.500000 0.933168
vt 0.561881 0.933168
vt 0.530941 0.995049
vt 0.561881 0.066832
vt 0.500000 0.066832
vt 0.530941 0.004951
vt 0.438119 0.871287
vt 0.500000 0.871287
vt 0.500000 0.933168
vt 0.438119 0.933168
vt 0.438119 0.809406
vt 0.500000 0.809406
vt 0.500000 0.871287
vt 0.438119 0.871287
vt 0.438119 0.747525
vt 0.500000 0.747525
vt 0.500000 0.809406
vt 0.438119 0.809406
vt 0.438119 0.685643
vt 0.500000 0.685643
vt 0.500000 0.747525
vt 0.438119 0.747525
vt 0.438119 0.623762
vt 0.500000 0.623762
vt 0.500000 0.685643
vt 0.438119 0.685643
vt 0.438119 0.561881
vt 0.500000 0.561881
vt 0.500000 0.623762
vt 0.438119 0.623762
vt 0.438119 0.500000
vt 0.500000 0.500000
vt 0.500000 0.561881
vt 0.438119 0.561881
vt 0.438119 0.438119
vt 0.500000 0.438119
vt 0.500000 0.500000
vt 0.438119 0.500000
vt 0.438119 0.376238
vt 0.500000 0.376238
vt 0.500000 0.438119
vt 0.438119 0.438119
vt 0.438119 0.314356
vt 0.500000 0.314356
vt 0.500000 0.376238
vt 0.438119 0.376238
vt 0.438119 0.252475
vt 0.500000 0.252475
vt 0.500000 0.314356
vt 0.438119 0.314356
vt 0.438119 0.190594
vt 0.500000 0.190594
vt 0.500000 0.252475
vt 0.438119 0.252475
vt 0.438119 0.128713
vt 0.500000 0.128713
vt 0.500000 0.190594
vt 0.438119 0.190594
vt 0.438119 0.066832
vt 0.500000 0.066832
vt 0.500000 0.128713
vt 0.438119 0.128713
vt 0.438119 0.933168
vt 0.500000 0.933168
vt 0.469059 0.995049
vt 0.500000 0.066832
vt 0.438119 0.066832
vt 0.469059 0.004951
vt 0.376238 0.871287
vt 0.438119 0.871287
vt 0.438119 0.933168
vt 0.376238 0.933168
vt 0.376238 0.809406
vt 0.438119 0.809406
vt 0.438119 0.871287
vt 0.376238 0.871287
vt 0.376238 0.747525
vt 0.438119 0.747525
vt 0.438119 0.809406
vt 0.376238 0.809406
vt 0.376238 0.685643
vt 0.438119 0.685643
vt 0.438119 0.747525
vt 0.376238 0.747525
vt 0.376238 0.623762
vt 0.438119 0.623762
vt 0.438119 0.685643
vt 0.376238 0.685643
vt 0.376238 0.561881
vt 0.438119 0.561881
vt 0.438119 0.623762
vt 0.376238 0.623762
vt 0.376238 0.500000
vt 0.438119 0.500000
vt 0.438119 0.561881
vt 0.376238 0.561881
vt 0.376238 0.438119
vt 0.438119 0.438119
vt 0.438119 0.500000
vt 0.376238 0.500000
vt 0.376238 0.376238
vt 0.438119 0.376238
vt 0.438119 0.438119
vt 0.376238 0.438119
vt 0.376238 0.314356
vt 0.438119 0.314356
vt 0.438119 0.376238
vt 0.376238 0.376238
vt 0.376238 0.252475
vt 0.438119 0.252475
vt 0.438119 0.314356
vt 0.376238 0.314356
vt 0.376238 0.190594
vt 0.438119 0.190594
vt 0.438119 0.252475
vt 0.376238 0.252475
vt 0.376238 0.128713
vt 0.438119 0.128713
vt 0.438119 0.190594
vt 0.376238 0.190594
vt 0.376238 0.066832
vt 0.438119 0.066832
vt 0.438119 0.128713
vt 0.376238 0.128713
vt 0.376238 0.933168
vt 0.438119 0.933168
vt 0.407178 0.995049
vt 0.438119 0.066832
vt 0.376238 0.066832
vt 0.407178 0.004951
vt 0.314356 0.871287
vt 0.376238 0.871287
vt 0.376238 0.933168
vt 0.314356 0.933168
vt 0.314356 0.809406
vt 0.376238 0.809406
vt 0.376238 0.871287
vt 0.314356 0.871287
vt 0.314356 0.747525
vt 0.376238 0.747525
vt 0.376238 0.809406
vt 0.314356 0.809406
vt 0.314356 0.685643
vt 0.376238 0.685643
vt 0.376238 0.747525
vt 0.314356 0.747525
vt 0.314356 0.623762
vt 0.376238 0.623762
vt 0.376238 0.685643
vt 0.314356 0.685643
vt 0.314356 0.561881
vt 0.376238 0.561881
vt 0.376238 0.623762
vt 0.314356 0.623762
vt 0.314356 0.500000
vt 0.376238 0.500000
vt 0.376238 0.561881
vt 0.314356 0.561881
vt 0.314356 0.438119
vt 0.376238 0.438119
vt 0.376238 0.500000
vt 0.314356 0.500000
vt 0.314356 0.376238
vt 0.376238 0.376238
vt 0.376238 0.438119
vt 0.314356 0.438119
vt 0.314356 0.314356
vt 0.376238 0.314356
vt 0.376238 0.376238
vt 0.314356 0.376238
vt 0.314356 0.252475
vt 0.376238 0.252475
vt 0.376238 0.314356
vt 0.314356 0.314356
vt 0.314356 0.190594
vt 0.376238 0.190594
vt 0.376238 0.252475
vt 0.314356 0.252475
vt 0.314356 0.128713
vt 0.376238 0.128713
vt 0.376238 0.190594
vt 0.314356 0.190594
vt 0.314356 0.066832
vt 0.376238 0.066832
vt 0.376238 0.128713
vt 0.314356 0.128713
vt 0.314356 0.933168
vt 0.376238 0.933168
vt 0.345297 0.995049
vt 0.376238 0.066832
vt 0.314356 0.066832
vt 0.345297 0.004951
vt 0.252475 0.871287
vt 0.314356 0.871287
vt 0.314356 0.933168
vt 0.252475 0.933168
vt 0.252475 0.809406
vt 0.314356 0.809406
vt 0.314356 0.871287
vt 0.252475 0.871287
vt 0.252475 0.747525
vt 0.314356 0.747525
vt 0.314356 0.809406
vt 0.252475 0.809406
vt 0.252475 0.685643
vt 0.314356 0.685643
vt 0.314356 0.747525
vt 0.252475 0.747525
vt 0.252475 0.623762
vt 0.314356 0.623762
vt 0.314356 0.685643
vt 0.252475 0.685643
vt 0.252475 0.561881
vt 0.314356 0.561881
vt 0.314356 0.623762
vt 0.252475 0.623762
vt 0.252475 0.500000
vt 0.314356 0.500000
vt 0.314356 0.561881
vt 0.252475 0.561881
vt 0.252475 0.438119
vt 0.314356 0.438119
vt 0.314356 0.500000
vt 0.252475 0.500000
vt 0.252475 0.376238
vt 0.314356 0.376238
vt 0.314356 0.438119
vt 0.252475 0.438119
vt 0.252475 0.314356
vt 0.314356 0.314356
vt 0.314356 0.376238
vt 0.252475 0.376238
vt 0.252475 0.252475
vt 0.314356 0.252475
vt 0.314356 0.314356
vt 0.252475 0.314356
vt 0.252475 0.190594
vt 0.314356 0.190594
vt 0.314356 0.252475
vt 0.252475 0.252475
vt 0.252475 0.128713
vt 0.314356 0.128713
vt 0.314356 0.190594
vt 0.252475 0.190594
vt 0.252475 0.066832
vt 0.314356 0.066832
vt 0.314356 0.128713
vt 0.252475 0.128713
vt 0.252475 0.933168
vt 0.314356 0.933168
vt 0.283416 0.995049
vt 0.314356 0.066832
vt 0.252475 0.066832
vt 0.283416 0.004951
vt 0.190594 0.871287
vt 0.252475 0.871287
vt 0.252475 0.933168
vt 0.190594 0.933168
vt 0.190594 0.809406
vt 0.252475 0.809406
vt 0.252475 0.871287
vt 0.190594 0.871287
vt 0.190594 0.747525
vt 0.252475 0.747525
vt 0.252475 0.809406
vt 0.190594 0.809406
vt 0.190594 0.685643
vt 0.252475 0.685643
vt 0.252475 0.747525
vt 0.190594 0.747525
vt 0.190594 0.623762
vt 0.252475 0.623762
vt 0.252475 0.685643
vt 0.190594 0.685643
vt 0.190594 0.561881
vt 0.252475 0.561881
vt 0.252475 0.623762
vt 0.190594 0.623762
vt 0.190594 0.500000
vt 0.252475 0.500000
vt 0.252475 0.561881
vt 0.190594 0.561881
vt 0.190594 0.438119
vt 0.252475 0.438119
vt 0.252475 0.500000
vt 0.190594 0.500000
vt 0.190594 0.376238
vt 0.252475 0.376238
vt 0.252475 0.438119
vt 0.190594 0.438119
vt 0.190594 0.314356
vt 0.252475 0.314356
vt 0.252475 0.376238
vt 0.190594 0.376238
vt 0.190594 0.252475
vt 0.252475 0.252475
vt 0.252475 0.314356
vt 0.190594 0.314356
vt 0.190594 0.190594
vt 0.252475 0.190594
vt 0.252475 0.252475
vt 0.190594 0.252475
vt 0.190594 0.128713
vt 0.252475 0.128713
vt 0.252475 0.190594
vt 0.190594 0.190594
vt 0.190594 0.066832
vt 0.252475 0.066832
vt 0.252475 0.128713
vt 0.190594 0.128713
vt 0.190594 0.933168
vt 0.252475 0.933168
vt 0.221535 0.995049
vt 0.252475 0.066832
vt 0.190594 0.066832
vt 0.221535 0.004951
vt 0.128713 0.871287
vt 0.190594 0.871287
vt 0.190594 0.933168
vt 0.128713 0.933168
vt 0.128713 0.809406
vt 0.190594 0.809406
vt 0.190594 0.871287
vt 0.128713 0.871287
vt 0.128713 0.747525
vt 0.190594 0.747525
vt 0.190594 0.809406
vt 0.128713 0.809406
vt 0.128713 0.685643
vt 0.190594 0.685643
vt 0.190594 0.747525
vt 0.128713 0.747525
vt 0.128713 0.623762
vt 0.190594 0.623762
vt 0.190594 0.685643
vt 0.128713 0.685643
vt 0.128713 0.561881
vt 0.190594 0.561881
vt 0.190594 0.623762
vt 0.128713 0.623762
vt 0.128713 0.500000
vt 0.190594 0.500000
vt 0.190594 0.561881
vt 0.128713 0.561881
vt 0.128713 0.438119
vt 0.190594 0.438119
vt 0.190594 0.500000
vt 0.128713 0.500000
vt 0.128713 0.376238
vt 0.190594 0.376238
vt 0.190594 0.438119
vt 0.128713 0.438119
vt 0.128713 0.314356
vt 0.190594 0.314356
vt 0.190594 0.376238
vt 0.128713 0.376238
vt 0.128713 0.252475
vt 0.190594 0.252475
vt 0.190594 0.314356
vt 0.128713 0.314356
vt 0.128713 0.190594
vt 0.190594 0.190594
vt 0.190594 0.252475
vt 0.128713 0.252475
vt 0.128713 0.128713
vt 0.190594 0.128713
vt 0.190594 0.190594
vt 0.128713 0.190594
vt 0.128713 0.066832
vt 0.190594 0.066832
vt 0.190594 0.128713
vt 0.128713 0.128713
vt 0.128713 0.933168
vt 0.190594 0.933168
vt 0.159653 0.995049
vt 0.190594 0.066832
vt 0.128713 0.066832
vt 0.159653 0.004951
vt 0.066832 0.871287
vt 0.128713 0.871287
vt 0.128713 0.933168
vt 0.066832 0.933168
vt 0.066832 0.809406
vt 0.128713 0.809406
vt 0.128713 0.871287
vt 0.066832 0.871287
vt 0.066832 0.747525
vt 0.128713 0.747525
vt 0.128713 0.809406
vt 0.066832 0.809406
vt 0.066832 0.685643
vt 0.128713 0.685643
vt 0.128713 0.747525
vt 0.066832 0.747525
vt 0.066832 0.623762
vt 0.128713 0.623762
vt 0.128713 0.685643
vt 0.066832 0.685643
vt 0.066832 0.561881
vt 0.128713 0.561881
vt 0.128713 0.623762
vt 0.066832 0.623762
vt 0.066832 0.500000
vt 0.128713 0.500000
vt 0.128713 0.561881
vt 0.066832 0.561881
vt 0.066832 0.438119
vt 0.128713 0.438119
vt 0.128713 0.500000
vt 0.066832 0.500000
vt 0.066832 0.376238
vt 0.128713 0.376238
vt 0.128713 0.438119
vt 0.066832 0.438119
vt 0.066832 0.314356
vt 0.128713 0.314356
vt 0.128713 0.376238
vt 0.066832 0.376238
vt 0.066832 0.252475
vt 0.128713 0.252475
vt 0.128713 0.314356
vt 0.066832 0.314356
vt 0.066832 0.190594
vt 0.128713 0.190594
vt 0.128713 0.252475
vt 0.066832 0.252475
vt 0.066832 0.128713
vt 0.128713 0.128713
vt 0.128713 0.190594
vt 0.066832 0.190594
vt 0.066832 0.066832
vt 0.128713 0.066832
vt 0.128713 0.128713
vt 0.066832 0.128713
vt 0.066832 0.933168
vt 0.128713 0.933168
vt 0.097772 0.995049
vt 0.128713 0.066832
vt 0.066832 0.066832
vt 0.097772 0.004951
vt 0.004950 0.871287
vt 0.066832 0.871287
vt 0.066832 0.933168
vt 0.004950 0.933168
vt 0.004950 0.809406
vt 0.066832 0.809406
vt 0.066832 0.871287
vt 0.004950 0.871287
vt 0.004950 0.747525
vt 0.066832 0.747525
vt 0.066832 0.809406
vt 0.004950 0.809406
vt 0.004950 0.685643
vt 0.066832 0.685643
vt 0.066832 0.747525
vt 0.004950 0.747525
vt 0.004950 0.623762
vt 0.066832 0.623762
vt 0.066832 0.685643
vt 0.004950 0.685643
vt 0.004950 0.561881
vt 0.066832 0.561881
vt 0.066832 0.623762
vt 0.004950 0.623762
vt 0.004950 0.500000
vt 0.066832 0.500000
vt 0.066832 0.561881
vt 0.004950 0.561881
vt 0.004950 0.438119
vt 0.066832 0.438119
vt 0.066832 0.500000
vt 0.004950 0.500000
vt 0.004950 0.376237
vt 0.066832 0.376238
vt 0.066832 0.438119
vt 0.004950 0.438119
vt 0.004950 0.314356
vt 0.066832 0.314356
vt 0.066832 0.376238
vt 0.004950 0.376237
vt 0.004950 0.252475
vt 0.066832 0.252475
vt 0.066832 0.314356
vt 0.004950 0.314356
vt 0.004950 0.190594
vt 0.066832 0.190594
vt 0.066832 0.252475
vt 0.004950 0.252475
vt 0.004950 0.128713
vt 0.066832 0.128713
vt 0.066832 0.190594
vt 0.004950 0.190594
vt 0.004950 0.066832
vt 0.066832 0.066832
vt 0.066832 0.128713
vt 0.004950 0.128713
vt 0.004950 0.933168
vt 0.066832 0.933168
vt 0.035891 0.995049
vt 0.066832 0.066832
vt 0.004950 0.066832
vt 0.035891 0.004951
vt 0.933168 0.871287
vt 0.995049 0.871287
vt 0.995049 0.933168
vt 0.933168 0.933168
vt 0.933168 0.809406
vt 0.995049 0.809406
vt 0.995049 0.871287
vt 0.933168 0.871287
vt 0.933168 0.747525
vt 0.995049 0.747525
vt 0.995049 0.809406
vt 0.933168 0.809406
vt 0.933168 0.685643
vt 0.995049 0.685643
vt 0.995049 0.747525
vt 0.933168 0.747525
vt 0.933168 0.623762
vt 0.995049 0.623762
vt 0.995049 0.685643
vt 0.933168 0.685643
vt 0.933168 0.561881
vt 0.995049 0.561881
vt 0.995049 0.623762
vt 0.933168 0.623762
vt 0.933168 0.500000
vt 0.995049 0.500000
vt 0.995049 0.561881
vt 0.933168 0.561881
vt 0.933168 0.438119
vt 0.995049 0.438119
vt 0.995049 0.500000
vt 0.933168 0.500000
vt 0.933168 0.376237
vt 0.995049 0.376237
vt 0.995049 0.438119
vt 0.933168 0.438119
vt 0.933168 0.314356
vt 0.995049 0.314356
vt 0.995049 0.376237
vt 0.933168 0.376237
vt 0.933168 0.252475
vt 0.995049 0.252475
vt 0.995049 0.314356
vt 0.933168 0.314356
vt 0.933168 0.190594
vt 0.995049 0.190594
vt 0.995049 0.252475
vt 0.933168 0.252475
vt 0.933168 0.128713
vt 0.995049 0.128713
vt 0.995049 0.190594
vt 0.933168 0.190594
vt 0.933168 0.066832
vt 0.995049 0.066832
vt 0.995049 0.128713
vt 0.933168 0.128713
vt 0.933168 0.933168
vt 0.995049 0.933168
vt 0.964109 0.995049
vt 0.995049 0.066832
vt 0.933168 0.066832
vt 0.964109 0.004951
vt 0.871287 0.871287
vt 0.933168 0.871287
vt 0.933168 0.933168
vt 0.871287 0.933168
vt 0.871287 0.809406
vt 0.933168 0.809406
vt 0.933168 0.871287
vt 0.871287 0.871287
vt 0.871287 0.747525
vt 0.933168 0.747525
vt 0.933168 0.809406
vt 0.871287 0.809406
vt 0.871287 0.685643
vt 0.933168 0.685643
vt 0.933168 0.747525
vt 0.871287 0.747525
vt 0.871287 0.623762
vt 0.933168 0.623762
vt 0.933168 0.685643
vt 0.871287 0.685643
vt 0.871287 0.561881
vt 0.933168 0.561881
vt 0.933168 0.623762
vt 0.871287 0.623762
vt 0.871287 0.500000
vt 0.933168 0.500000
vt 0.933168 0.561881
vt 0.871287 0.561881
vt 0.871287 0.438119
vt 0.933168 0.438119
vt 0.933168 0.500000
vt 0.871287 0.500000
vt 0.871287 0.376237
vt 0.933168 0.376237
vt 0.933168 0.438119
vt 0.871287 0.438119
vt 0.871287 0.314356
vt 0.933168 0.314356
vt 0.933168 0.376237
vt 0.871287 0.376237
vt 0.871287 0.252475
vt 0.933168 0.252475
vt 0.933168 0.314356
vt 0.871287 0.314356
vt 0.871287 0.190594
vt 0.933168 0.190594
vt 0.933168 0.252475
vt 0.871287 0.252475
vt 0.871287 0.128713
vt 0.933168 0.128713
vt 0.933168 0.190594
vt 0.871287 0.190594
vt 0.871287 0.066832
vt 0.933168 0.066832
vt 0.933168 0.128713
vt 0.871287 0.128713
vt 0.871287 0.933168
vt 0.933168 0.933168
vt 0.902228 0.995049
vt 0.933168 0.066832
vt 0.871287 0.066832
vt 0.902228 0.004951
vt 0.809406 0.871287
vt 0.871287 0.871287
vt 0.871287 0.933168
vt 0.809406 0.933168
vt 0.809406 0.809406
vt 0.871287 0.809406
vt 0.871287 0.871287
vt 0.809406 0.871287
vt 0.809406 0.747525
vt 0.871287 0.747525
vt 0.871287 0.809406
vt 0.809406 0.809406
vt 0.809406 0.685643
vt 0.871287 0.685643
vt 0.871287 0.747525
vt 0.809406 0.747525
vt 0.809406 0.623762
vt 0.871287 0.623762
vt 0.871287 0.685643
vt 0.809406 0.685643
vt 0.809406 0.561881
vt 0.871287 0.561881
vt 0.871287 0.623762
vt 0.809406 0.623762
vt 0.809406 0.500000
vt 0.871287 0.500000
vt 0.871287 0.561881
vt 0.809406 0.561881
vt 0.809406 0.438119
vt 0.871287 0.438119
vt 0.871287 0.500000
vt 0.809406 0.500000
vt 0.809406 0.376237
vt 0.871287 0.376237
vt 0.871287 0.438119
vt 0.809406 0.438119
vt 0.809406 0.314356
vt 0.871287 0.314356
vt 0.871287 0.376237
vt 0.809406 0.376237
vt 0.809406 0.252475
vt 0.871287 0.252475
vt 0.871287 0.314356
vt 0.809406 0.314356
vt 0.809406 0.190594
vt 0.871287 0.190594
vt 0.871287 0.252475
vt 0.809406 0.252475
vt 0.809406 0.128713
vt 0.871287 0.128713
vt 0.871287 0.190594
vt 0.809406 0.190594
vt 0.809406 0.066832
vt 0.871287 0.066832
vt 0.871287 0.128713
vt 0.809406 0.128713
vt 0.809406 0.933168
vt 0.871287 0.933168
vt 0.840347 0.995049
vt 0.871287 0.066832
vt 0.809406 0.066832
vt 0.840347 0.004951
vt 0.747525 0.871287
vt 0.809406 0.871287
vt 0.809406 0.933168
vt 0.747525 0.933168
vt 0.747525 0.809406
vt 0.809406 0.809406
vt 0.809406 0.871287
vt 0.747525 0.871287
vt 0.747525 0.747525
vt 0.809406 0.747525
vt 0.809406 0.809406
vt 0.747525 0.809406
vt 0.747525 0.685643
vt 0.809406 0.685643
vt 0.809406 0.747525
vt 0.747525 0.747525
vt 0.747525 0.623762
vt 0.809406 0.623762
vt 0.809406 0.685643
vt 0.747525 0.685643
vt 0.747525 0.561881
vt 0.809406 0.561881
vt 0.809406 0.623762
vt 0.747525 0.623762
vt 0.747525 0.500000
vt 0.809406 0.500000
vt 0.809406 0.561881
vt 0.747525 0.561881
vt 0.747525 0.438119
vt 0.809406 0.438119
vt 0.809406 0.500000
vt 0.747525 0.500000
vt 0.747525 0.376238
vt 0.809406 0.376237
vt 0.809406 0.438119
vt 0.747525 0.438119
vt 0.747525 0.314356
vt 0.809406 0.314356
vt 0.809406 0.376237
vt 0.747525 0.376238
vt 0.747525 0.252475
vt 0.809406 0.252475
vt 0.809406 0.314356
vt 0.747525 0.314356
vt 0.747525 0.190594
vt 0.809406 0.190594
vt 0.809406 0.252475
vt 0.747525 0.252475
vt 0.747525 0.128713
vt 0.809406 0.128713
vt 0.809406 0.190594
vt 0.747525 0.190594
vt 0.747525 0.066832
vt 0.809406 0.066832
vt 0.809406 0.128713
vt 0.747525 0.128713
vt 0.747525 0.933168
vt 0.809406 0.933168
vt 0.778465 0.995049
vt 0.809406 0.066832
vt 0.747525 0.066832
vt 0.778465 0.004951
vt 0.685644 0.871287
vt 0.747525 0.871287
vt 0.747525 0.933168
vt 0.715978 0.933168
vt 0.656757 0.810463
vt 0.746595 0.810463
vt 0.630429 0.753033
vt 0.744770 0.753033
vt 0.607671 0.701204
vt 0.742122 0.701204
vt 0.589357 0.656968
vt 0.738751 0.656968
vt 0.576191 0.622025
vt 0.734787 0.622025
vt 0.568680 0.597718
vt 0.730383 0.597718
vt 0.567112 0.584980
vt 0.725708 0.584980
vt 0.571546 0.584302
vt 0.720941 0.584302
vt 0.581814 0.595710
vt 0.716265 0.595710
vt 0.597520 0.618765
vt 0.711861 0.618764
vt 0.618060 0.652580
vt 0.707897 0.652580
vt 0.642645 0.695857
vt 0.704526 0.695857
vt 0.670331 0.746933
vt 0.701878 0.746933
vt 0.746595 0.993728
vt 0.700054 0.803844
vt 0.632772 0.888827
vt 0.689024 0.942110
vt 0.580000 0.835927
vt 0.532735 0.785443
vt 0.492795 0.739314
vt 0.461714 0.699314
vt 0.440686 0.666979
vt 0.430520 0.643553
vt 0.431606 0.629934
vt 0.443903 0.626648
vt 0.466938 0.633820
vt 0.499826 0.651175
vt 0.541302 0.678045
vt 0.589774 0.713398
vt 0.643378 0.755875
vt 0.596959 0.921238
vt 0.670767 0.958633
vt 0.528007 0.882980
vt 0.466562 0.845329
vt 0.414983 0.809733
vt 0.375254 0.777559
vt 0.348901 0.750044
vt 0.336937 0.728245
vt 0.339821 0.712999
vt 0.357443 0.704894
vt 0.389126 0.704239
vt 0.433652 0.711061
vt 0.489310 0.725097
vt 0.553961 0.745808
vt 0.625120 0.772398
vt 0.583657 0.963584
vt 0.663986 0.980221
vt 0.508696 0.944457
vt 0.441983 0.923574
vt 0.386082 0.901740
vt 0.343140 0.879791
vt 0.314809 0.858573
vt 0.302177 0.838900
vt 0.305730 0.821528
vt 0.325330 0.807126
vt 0.360225 0.796246
vt 0.409074 0.789306
vt 0.469999 0.786574
vt 0.540659 0.788154
vt 0.618339 0.793985
vt 0.594892 1.009419
vt 0.669713 1.003587
vt 0.525006 1.010999
vt 0.462741 1.008266
vt 0.410491 1.001327
vt 0.370262 0.990447
vt 0.343602 0.976044
vt 0.331534 0.958673
vt 0.334522 0.939000
vt 0.352452 0.917781
vt 0.384634 0.895833
vt 0.429832 0.873998
vt 0.486309 0.853116
vt 0.551894 0.833989
vt 0.624066 0.817352
vt 0.628952 1.051765
vt 0.687077 1.025175
vt 0.574453 1.072476
vt 0.525676 1.086512
vt 0.484494 1.093333
vt 0.452490 1.092679
vt 0.430895 1.084573
vt 0.420537 1.069328
vt 0.421815 1.047529
vt 0.434680 1.020014
vt 0.458637 0.987840
vt 0.492767 0.952243
vt 0.535756 0.914593
vt 0.585953 0.876335
vt 0.641430 0.838940
vt 0.680652 1.084175
vt 0.713433 1.041698
vt 0.649511 1.119528
vt 0.621206 1.146398
vt 0.596825 1.163752
vt 0.577306 1.170924
vt 0.563399 1.167638
vt 0.555637 1.154020
vt 0.554319 1.130593
vt 0.559496 1.098259
vt 0.570969 1.058258
vt 0.588297 1.012130
vt 0.610813 0.961645
vt 0.637654 0.908745
vt 0.667787 0.855462
vt 0.742122 1.101715
vt 0.744770 1.050640
vt 0.738751 1.144992
vt 0.734787 1.178808
vt 0.730383 1.201863
vt 0.725708 1.213270
vt 0.720941 1.212592
vt 0.716265 1.199855
vt 0.711861 1.175548
vt 0.707897 1.140605
vt 0.704526 1.096369
vt 0.701878 1.044540
vt 0.700054 0.987110
vt 0.699124 0.926285
vt 0.699124 0.864404
vt 0.804003 1.101715
vt 0.776317 1.050640
vt 0.828589 1.144992
vt 0.849129 1.178808
vt 0.864835 1.201863
vt 0.875102 1.213270
vt 0.879537 1.212592
vt 0.877968 1.199855
vt 0.870457 1.175548
vt 0.857292 1.140605
vt 0.838978 1.096369
vt 0.816220 1.044540
vt 0.789891 0.987110
vt 0.761005 0.926285
vt 0.730671 0.864404
vt 0.856875 1.084175
vt 0.803271 1.041698
vt 0.905346 1.119528
vt 0.946823 1.146398
vt 0.979711 1.163752
vt 1.002745 1.170924
vt 1.015042 1.167638
vt 1.016129 1.154020
vt 1.005962 1.130593
vt 0.984935 1.098259
vt 0.953854 1.058258
vt 0.913913 1.012130
vt 0.866649 0.961645
vt 0.813876 0.908745
vt 0.757624 0.855462
vt 0.892687 1.051765
vt 0.821528 1.025175
vt 0.957338 1.072475
vt 1.012996 1.086511
vt 1.057522 1.093333
vt 1.089205 1.092679
vt 1.106827 1.084573
vt 1.109712 1.069328
vt 1.097748 1.047529
vt 1.071395 1.020013
vt 1.031665 0.987840
vt 0.980087 0.952243
vt 0.918641 0.914593
vt 0.849689 0.876335
vt 0.775881 0.838940
vt 0.905989 1.009419
vt 0.828309 1.003587
vt 0.976650 1.010999
vt 1.037575 1.008266
vt 1.086424 1.001327
vt 1.121318 0.990447
vt 1.140919 0.976044
vt 1.144471 0.958673
vt 1.131839 0.939000
vt 1.103508 0.917781
vt 1.060567 0.895833
vt 1.004665 0.873998
vt 0.937952 0.853116
vt 0.862991 0.833989
vt 0.782663 0.817352
vt 0.894755 0.963584
vt 0.822582 0.980221
vt 0.960340 0.944457
vt 1.016817 0.923574
vt 1.062014 0.901740
vt 1.094196 0.879791
vt 1.112126 0.858573
vt 1.115114 0.838900
vt 1.103047 0.821528
vt 1.076386 0.807126
vt 1.036157 0.796246
vt 0.983907 0.789306
vt 0.921642 0.786574
vt 0.851757 0.788154
vt 0.776935 0.793985
vt 0.860695 0.921238
vt 0.805218 0.958633
vt 0.910892 0.882980
vt 0.953882 0.845329
vt 0.988011 0.809733
vt 1.011968 0.777559
vt 1.024833 0.750044
vt 1.026111 0.728245
vt 1.015754 0.712999
vt 0.994158 0.704894
vt 0.962154 0.704239
vt 0.920972 0.711061
vt 0.872195 0.725097
vt 0.817697 0.745808
vt 0.759572 0.772398
vt 0.808995 0.888827
vt 0.778862 0.942110
vt 0.835835 0.835927
vt 0.858352 0.785443
vt 0.875680 0.739314
vt 0.887153 0.699314
vt 0.892330 0.666979
vt 0.891012 0.643553
vt 0.883250 0.629935
vt 0.869342 0.626648
vt 0.849823 0.633820
vt 0.825442 0.651175
vt 0.797138 0.678045
vt 0.765996 0.713398
vt 0.733215 0.755875
g Sphere
f 243/1/1 244/2/1 245/3/1 246/4/1 
f 247/5/2 248/6/2 249/7/2 250/8/2 
f 251/9/3 252/10/3 253/11/3 254/12/3 
f 255/13/4 256/14/4 257/15/4 258/16/4 
f 259/17/5 260/18/5 261/19/5 262/20/5 
f 263/21/6 264/22/6 265/23/6 266/24/6 
f 267/25/7 268/26/7 269/27/7 270/28/7 
f 271/29/8 272/30/8 273/31/8 274/32/8 
f 275/33/9 276/34/9 277/35/9 278/36/9 
f 279/37/10 280/38/10 281/39/10 282/40/10 
f 283/41/11 284/42/11 285/43/11 286/44/11 
f 287/45/12 288/46/12 289/47/12 290/48/12 
f 291/49/13 292/50/13 293/51/13 294/52/13 
f 295/53/14 296/54/14 297/55/14 298/56/14 
f 299/57/15 300/58/15 301/59/15 
f 302/60/16 303/61/16 304/62/16 
f 305/63/17 306/64/17 307/65/17 308/66/17 
f 309/67/18 310/68/18 311/69/18 312/70/18 
f 313/71/19 314/72/19 315/73/19 316/74/19 
f 317/75/20 318/76/20 319/77/20 320/78/20 
f 321/79/21 322/80/21 323/81/21 324/82/21 
f 325/83/22 326/84/22 327/85/22 328/86/22 
f 329/87/23 330/88/23 331/89/23 332/90/23 
f 333/91/24 334/92/24 335/93/24 336/94/24 
f 337/95/25 338/96/25 339/97/25 340/98/25 
f 341/99/26 342/100/26 343/101/26 344/102/26 
f 345/103/27 346/104/27 347/105/27 348/106/27 
f 349/107/28 350/108/28 351/109/28 352/110/28 
f 353/111/29 354/112/29 355/113/29 356/114/29 
f 357/115/30 358/116/30 359/117/30 360/118/30 
f 361/119/31 362/120/31 363/121/31 
f 364/122/32 365/123/32 366/124/32 
f 367/125/33 368/126/33 369/127/33 370/128/33 
f 371/129/34 372/130/34 373/131/34 374/132/34 
f 375/133/35 376/134/35 377/135/35 378/136/35 
f 379/137/36 380/138/36 381/139/36 382/140/36 
f 383/141/37 384/142/37 385/143/37 386/144/37 
f 387/145/38 388/146/38 389/147/38 390/148/38 
f 391/149/39 392/150/39 393/151/39 394/152/39 
f 395/153/40 396/154/40 397/155/40 398/156/40 
f 399/157/41 400/158/41 401/159/41 402/160/41 
f 403/161/42 404/162/42 405/163/42 406/164/42 
f 407/165/43 408/166/43 409/167/43 410/168/43 
f 411/169/44 412/170/44 413/171/44 414/172/44 
f 415/173/45 416/174/45 417/175/45 418/176/45 
f 419/177/46 420/178/46 421/179/46 422/180/46 
f 423/181/47 424/182/47 425/183/47 
f 426/184/48 427/185/48 428/186/48 
f 429/187/49 430/188/49 431/189/49 432/190/49 
f 433/191/50 434/192/50 435/193/50 436/194/50 
f 437/195/51 438/196/51 439/197/51 440/198/51 
f 441/199/52 442/200/52 443/201/52 444/202/52 
f 445/203/53 446/204/53 447/205/53 448/206/53 
f 449/207/54 450/208/54 451/209/54 452/210/54 
f 453/211/55 454/212/55 455/213/55 456/214/55 
f 457/215/56 458/216/56 459/217/56 460/218/56 
f 461/219/57 462/220/57 463/221/57 464/222/57 
f 465/223/58 466/224/58 467/225/58 468/226/58 
f 469/227/59 470/228/59 471/229/59 472/230/59 
f 473/231/60 474/232/60 475/233/60 476/234/60 
f 477/235/61 478/236/61 479/237/61 480/238/61 
f 481/239/62 482/240/62 483/241/62 484/242/62 
f 485/243/63 486/244/63 487/245/63 
f 488/246/64 489/247/64 490/248/64 
f 491/249/65 492/250/65 493/251/65 494/252/65 
f 495/253/66 496/254/66 497/255/66 498/256/66 
f 499/257/67 500/258/67 501/259/67 502/260/67 
f 503/261/68 504/262/68 505/263/68 506/264/68 
f 507/265/69 508/266/69 509/267/69 510/268/69 
f 511/269/70 512/270/70 513/271/70 514/272/70 
f 515/273/71 516/274/71 517/275/71 518/276/71 
f 519/277/72 520/278/72 521/279/72 522/280/72 
f 523/281/73 524/282/73 525/283/73 526/284/73 
f 527/285/74 528/286/74 529/287/74 530/288/74 
f 531/289/75 532/290/75 533/291/75 534/292/75 
f 535/293/76 536/294/76 537/295/76 538/296/76 
f 539/297/77 540/298/77 541/299/77 542/300/77 
f 543/301/78 544/302/78 545/303/78 546/304/78 
f 547/305/79 548/306/79 549/307/79 
f 550/308/80 551/309/80 552/310/80 
f 553/311/81 554/312/81 555/313/81 556/314/81 
f 557/315/82 558/316/82 559/317/82 560/318/82 
f 561/319/83 562/320/83 563/321/83 564/322/83 
f 565/323/84 566/324/84 567/325/84 568/326/84 
f 569/327/85 570/328/85 571/329/85 572/330/85 
f 573/331/86 574/332/86 575/333/86 576/334/86 
f 577/335/87 578/336/87 579/337/87 580/338/87 
f 581/339/88 582/340/88 583/341/88 584/342/88 
f 585/343/89 586/344/89 587/345/89 588/346/89 
f 589/347/90 590/348/90 591/349/90 592/350/90 
f 593/351/91 594/352/91 595/353/91 596/354/91 
f 597/355/92 598/356/92 599/357/92 600/358/92 
f 601/359/93 602/360/93 603/361/93 604/362/93 
f 605/363/94 606/364/94 607/365/94 608/366/94 
f 609/367/95 610/368/95 611/369/95 
f 612/370/96 613/371/96 614/372/96 
f 615/373/97 616/374/97 617/375/97 618/376/97 
f 619/377/98 620/378/98 621/379/98 622/380/98 
f 623/381/99 624/382/99 625/383/99 626/384/99 
f 627/385/100 628/386/100 629/387/100 630/388/100 
f 631/389/101 632/390/101 633/391/101 634/392/101 
f 635/393/102 636/394/102 637/395/102 638/396/102 
f 639/397/103 640/398/103 641/399/103 642/400/103 
f 643/401/104 644/402/104 645/403/104 646/404/104 
f 647/405/105 648/406/105 649/407/105 650/408/105 
f 651/409/106 652/410/106 653/411/106 654/412/106 
f 655/413/107 656/414/107 657/415/107 658/416/107 
f 659/417/108 660/418/108 661/419/108 662/420/108 
f 663/421/109 664/422/109 665/423/109 666/424/109 
f 667/425/110 668/426/110 669/427/110 670/428/110 
f 671/429/111 672/430/111 673/431/111 
f 674/432/112 675/433/112 676/434/112 
f 677/435/113 678/436/113 679/437/113 680/438/113 
f 681/439/114 682/440/114 683/441/114 684/442/114 
f 685/443/115 686/444/115 687/445/115 688/446/115 
f 689/447/116 690/448/116 691/449/116 692/450/116 
f 693/451/117 694/452/117 695/453/117 696/454/117 
f 697/455/118 698/456/118 699/457/118 700/458/118 
f 701/459/119 702/460/119 703/461/119 704/462/119 
f 705/463/120 706/464/120 707/465/120 708/466/120 
f 709/467/121 710/468/121 711/469/121 712/470/121 
f 713/471/122 714/472/122 715/473/122 716/474/122 
f 717/475/123 718/476/123 719/477/123 720/478/123 
f 721/479/124 722/480/124 723/481/124 724/482/124 
f 725/483/125 726/484/125 727/485/125 728/486/125 
f 729/487/126 730/488/126 731/489/126 732/490/126 
f 733/491/127 734/492/127 735/493/127 
f 736/494/128 737/495/128 738/496/128 
f 739/497/129 740/498/129 741/499/129 742/500/129 
f 743/501/130 744/502/130 745/503/130 746/504/130 
f 747/505/131 748/506/131 749/507/131 750/508/131 
f 751/509/132 752/510/132 753/511/132 754/512/132 
f 755/513/133 756/514/133 757/515/133 758/516/133 
f 759/517/134 760/518/134 761/519/134 762/520/134 
f 763/521/135 764/522/135 765/523/135 766/524/135 
f 767/525/136 768/526/136 769/527/136 770/528/136 
f 771/529/137 772/530/137 773/531/137 774/532/137 
f 775/533/138 776/534/138 777/535/138 778/536/138 
f 779/537/139 780/538/139 781/539/139 782/540/139 
f 783/541/140 784/542/140 785/543/140 786/544/140 
f 787/545/141 788/546/141 789/547/141 790/548/141 
f 791/549/142 792/550/142 793/551/142 794/552/142 
f 795/553/143 796/554/143 797/555/143 
f 798/556/144 799/557/144 800/558/144 
f 801/559/145 802/560/145 803/561/145 804/562/145 
f 805/563/146 806/564/146 807/565/146 808/566/146 
f 809/567/147 810/568/147 811/569/147 812/570/147 
f 813/571/148 814/572/148 815/573/148 816/574/148 
f 817/575/149 818/576/149 819/577/149 820/578/149 
f 821/579/150 822/580/150 823/581/150 824/582/150 
f 825/583/151 826/584/151 827/585/151 828/586/151 
f 829/587/152 830/588/152 831/589/152 832/590/152 
f 833/591/153 834/592/153 835/593/153 836/594/153 
f 837/595/154 838/596/154 839/597/154 840/598/154 
f 841/599/155 842/600/155 843/601/155 844/602/155 
f 845/603/156 846/604/156 847/605/156 848/606/156 
f 849/607/157 850/608/157 851/609/157 852/610/157 
f 853/611/158 854/612/158 855/613/158 856/614/158 
f 857/615/159 858/616/159 859/617/159 
f 860/618/160 861/619/160 862/620/160 
f 863/621/161 864/622/161 865/623/161 866/624/161 
f 867/625/162 868/626/162 869/627/162 870/628/162 
f 871/629/163 872/630/163 873/631/163 874/632/163 
f 875/633/164 876/634/164 877/635/164 878/636/164 
f 879/637/165 880/638/165 881/639/165 882/640/165 
f 883/641/166 884/642/166 885/643/166 886/644/166 
f 887/645/167 888/646/167 889/647/167 890/648/167 
f 891/649/168 892/650/168 893/651/168 894/652/168 
f 895/653/169 896/654/169 897/655/169 898/656/169 
f 899/657/170 900/658/170 901/659/170 902/660/170 
f 903/661/171 904/662/171 905/663/171 906/664/171 
f 907/665/172 908/666/172 909/667/172 910/668/172 
f 911/669/173 912/670/173 913/671/173 914/672/173 
f 915/673/174 916/674/174 917/675/174 918/676/174 
f 919/677/175 920/678/175 921/679/175 
f 922/680/176 923/681/176 924/682/176 
f 925/683/177 926/684/177 927/685/177 928/686/177 
f 929/687/178 930/688/178 931/689/178 932/690/178 
f 933/691/179 934/692/179 935/693/179 936/694/179 
f 937/695/180 938/696/180 939/697/180 940/698/180 
f 941/699/181 942/700/181 943/701/181 944/702/181 
f 945/703/182 946/704/182 947/705/182 948/706/182 
f 949/707/183 950/708/183 951/709/183 952/710/183 
f 953/711/184 954/712/184 955/713/184 956/714/184 
f 957/715/185 958/716/185 959/717/185 960/718/185 
f 961/719/186 962/720/186 963/721/186 964/722/186 
f 965/723/187 966/724/187 967/725/187 968/726/187 
f 969/727/188 970/728/188 971/729/188 972/730/188 
f 973/731/189 974/732/189 975/733/189 976/734/189 
f 977/735/190 978/736/190 979/737/190 980/738/190 
f 981/739/191 982/740/191 983/741/191 
f 984/742/192 985/743/192 986/744/192 
f 987/745/193 988/746/193 989/747/193 990/748/193 
f 991/749/194 992/750/194 993/751/194 994/752/194 
f 995/753/195 996/754/195 997/755/195 998/756/195 
f 999/757/196 1000/758/196 1001/759/196 1002/760/196 
f 1003/761/197 1004/762/197 1005/763/197 1006/764/197 
f 1007/765/198 1008/766/198 1009/767/198 1010/768/198 
f 1011/769/199 1012/770/199 1013/771/199 1014/772/199 
f 1015/773/200 1016/774/200 1017/775/200 1018/776/200 
f 1019/777/201 1020/778/201 1021/779/201 1022/780/201 
f 1023/781/202 1024/782/202 1025/783/202 1026/784/202 
f 1027/785/203 1028/786/203 1029/787/203 1030/788/203 
f 1031/789/204 1032/790/204 1033/791/204 1034/792/204 
f 1035/793/205 1036/794/205 1037/795/205 1038/796/205 
f 1039/797/206 1040/798/206 1041/799/206 1042/800/206 
f 1043/801/207 1044/802/207 1045/803/207 
f 1046/804/208 1047/805/208 1048/806/208 
f 1049/807/209 1050/808/209 1051/809/209 1052/810/209 
f 1053/811/210 1054/812/210 1055/813/210 1056/814/210 
f 1057/815/211 1058/816/211 1059/817/211 1060/818/211 
f 1061/819/212 1062/820/212 1063/821/212 1064/822/212 
f 1065/823/213 1066/824/213 1067/825/213 1068/826/213 
f 1069/827/214 1070/828/214 1071/829/214 1072/830/214 
f 1073/831/215 1074/832/215 1075/833/215 1076/834/215 
f 1077/835/216 1078/836/216 1079/837/216 1080/838/216 
f 1081/839/217 1082/840/217 1083/841/217 1084/842/217 
f 1085/843/218 1086/844/218 1087/845/218 1088/846/218 
f 1089/847/219 1090/848/219 1091/849/219 1092/850/219 
f 1093/851/220 1094/852/220 1095/853/220 1096/854/220 
f 1097/855/221 1098/856/221 1099/857/221 1100/858/221 
f 1101/859/222 1102/860/222 1103/861/222 1104/862/222 
f 1105/863/223 1106/864/223 1107/865/223 
f 1108/866/224 1109/867/224 1110/868/224 
f 1111/869/225 1112/870/225 1113/871/225 1114/872/225 
f 1115/873/226 1116/874/226 1117/875/226 1118/876/226 
f 1119/877/227 1120/878/227 1121/879/227 1122/880/227 
f 1123/881/228 1124/882/228 1125/883/228 1126/884/228 
f 1127/885/229 1128/886/229 1129/887/229 1130/888/229 
f 1131/889/230 1132/890/230 1133/891/230 1134/892/230 
f 1135/893/231 1136/894/231 1137/895/231 1138/896/231 
f 1139/897/232 1140/898/232 1141/899/232 1142/900/232 
f 1143/901/233 1144/902/233 1145/903/233 1146/904/233 
f 1147/905/234 1148/906/234 1149/907/234 1150/908/234 
f 1151/909/235 1152/910/235 1153/911/235 1154/912/235 
f 1155/913/236 1156/914/236 1157/915/236 1158/916/236 
f 1159/917/237 1160/918/237 1161/919/237 1162/920/237 
f 1163/921/238 1164/922/238 1165/923/238 1166/924/238 
f 1167/925/239 1168/926/239 1169/927/239 
f 1170/928/240 1171/929/240 1172/930/240 
f 1173/931/241 1174/932/241 1175/933/241 1176/934/241 
f 1177/935/242 1178/936/242 1179/937/242 1180/938/242 
f 1181/939/243 1182/940/243 1183/941/243 1184/942/243 
f 1185/943/244 1186/944/244 1187/945/244 1188/946/244 
f 1189/947/245 1190/948/245 1191/949/245 1192/950/245 
f 1193/951/246 1194/952/246 1195/953/246 1196/954/246 
f 1197/955/247 1198/956/247 1199/957/247 1200/958/247 
f 1201/959/248 1202/960/248 1203/961/248 1204/962/248 
f 1205/963/249 1206/964/249 1207/965/249 1208/966/249 
f 1209/967/250 1210/968/250 1211/969/250 1212/970/250 
f 1213/971/251 1214/972/251 1215/973/251 1216/974/251 
f 1217/975/252 1218/976/252 1219/977/252 1220/978/252 
f 1221/979/253 1222/980/253 1223/981/253 1224/982/253 
f 1225/983/254 1226/984/254 1227/985/254 1228/986/254 
f 1229/987/255 1230/988/255 1231/989/255 
f 1232/990/256 1233/991/256 1234/992/256 
f 17/993/257 2/994/257 244/2/257 243/1/257 
f 2/994/258 1/995/258 245/3/258 244/2/258 
f 1/995/259 16/996/259 246/4/259 245/3/259 
f 16/996/260 17/993/260 243/1/260 246/4/260 
f 18/997/261 3/998/261 248/6/261 247/5/261 
f 3/998/262 2/994/262 249/7/262 248/6/262 
f 2/994/263 17/993/263 250/8/263 249/7/263 
f 17/993/264 18/997/264 247/5/264 250/8/264 
f 19/999/265 4/1000/265 252/10/265 251/9/265 
f 4/1000/266 3/998/266 253/11/266 252/10/266 
f 3/998/267 18/997/267 254/12/267 253/11/267 
f 18/997/268 19/999/268 251/9/268 254/12/268 
f 20/1001/269 5/1002/269 256/14/269 255/13/269 
f 5/1002/270 4/1000/270 257/15/270 256/14/270 
f 4/1000/271 19/999/271 258/16/271 257/15/271 
f 19/999/272 20/1001/272 255/13/272 258/16/272 
f 21/1003/273 6/1004/273 260/18/273 259/17/273 
f 6/1004/274 5/1002/274 261/19/274 260/18/274 
f 5/1002/275 20/1001/275 262/20/275 261/19/275 
f 20/1001/276 21/1003/276 259/17/276 262/20/276 
f 22/1005/277 7/1006/277 264/22/277 263/21/277 
f 7/1006/278 6/1004/278 265/23/278 264/22/278 
f 6/1004/279 21/1003/279 266/24/279 265/23/279 
f 21/1003/280 22/1005/280 263/21/280 266/24/280 
f 23/1007/281 8/1008/281 268/26/281 267/25/281 
f 8/1008/282 7/1006/282 269/27/282 268/26/282 
f 7/1006/283 22/1005/283 270/28/283 269/27/283 
f 22/1005/284 23/1007/284 267/25/284 270/28/284 
f 24/1009/285 9/1010/285 272/30/285 271/29/285 
f 9/1010/286 8/1008/286 273/31/286 272/30/286 
f 8/1008/287 23/1007/287 274/32/287 273/31/287 
f 23/1007/288 24/1009/288 271/29/288 274/32/288 
f 25/1011/289 10/1012/289 276/34/289 275/33/289 
f 10/1012/290 9/1010/290 277/35/290 276/34/290 
f 9/1010/291 24/1009/291 278/36/291 277/35/291 
f 24/1009/292 25/1011/292 275/33/292 278/36/292 
f 26/1013/293 11/1014/293 280/38/293 279/37/293 
f 11/1014/294 10/1012/294 281/39/294 280/38/294 
f 10/1012/295 25/1011/295 282/40/295 281/39/295 
f 25/1011/296 26/1013/296 279/37/296 282/40/296 
f 27/1015/297 12/1016/297 284/42/297 283/41/297 
f 12/1016/298 11/1014/298 285/43/298 284/42/298 
f 11/1014/299 26/1013/299 286/44/299 285/43/299 
f 26/1013/300 27/1015/300 283/41/300 286/44/300 
f 28/1017/301 13/1018/301 288/46/301 287/45/301 
f 13/1018/302 12/1016/302 289/47/302 288/46/302 
f 12/1016/303 27/1015/303 290/48/303 289/47/303 
f 27/1015/304 28/1017/304 287/45/304 290/48/304 
f 29/1019/305 14/1020/305 292/50/305 291/49/305 
f 14/1020/306 13/1018/306 293/51/306 292/50/306 
f 13/1018/307 28/1017/307 294/52/307 293/51/307 
f 28/1017/308 29/1019/308 291/49/308 294/52/308 
f 30/1021/309 15/1022/309 296/54/309 295/53/309 
f 15/1022/310 14/1020/310 297/55/310 296/54/310 
f 14/1020/311 29/1019/311 298/56/311 297/55/311 
f 29/1019/312 30/1021/312 295/53/312 298/56/312 
f 16/996/313 1/995/313 300/58/313 299/57/313 
f 1/995/314 241/1023/314 301/59/314 300/58/314 
f 241/1023/315 16/996/315 299/57/315 301/59/315 
f 15/1022/316 30/1021/316 303/61/316 302/60/316 
f 30/1021/317 242/1024/317 304/62/317 303/61/317 
f 242/1024/318 15/1022/318 302/60/318 304/62/318 
f 32/1025/319 17/993/319 306/64/319 305/63/319 
f 17/993/320 16/996/320 307/65/320 306/64/320 
f 16/996/321 31/1026/321 308/66/321 307/65/321 
f 31/1026/322 32/1025/322 305/63/322 308/66/322 
f 33/1027/323 18/997/323 310/68/323 309/67/323 
f 18/997/324 17/993/324 311/69/324 310/68/324 
f 17/993/325 32/1025/325 312/70/325 311/69/325 
f 32/1025/326 33/1027/326 309/67/326 312/70/326 
f 34/1028/327 19/999/327 314/72/327 313/71/327 
f 19/999/328 18/997/328 315/73/328 314/72/328 
f 18/997/329 33/1027/329 316/74/329 315/73/329 
f 33/1027/330 34/1028/330 313/71/330 316/74/330 
f 35/1029/331 20/1001/331 318/76/331 317/75/331 
f 20/1001/332 19/999/332 319/77/332 318/76/332 
f 19/999/333 34/1028/333 320/78/333 319/77/333 
f 34/1028/334 35/1029/334 317/75/334 320/78/334 
f 36/1030/335 21/1003/335 322/80/335 321/79/335 
f 21/1003/336 20/1001/336 323/81/336 322/80/336 
f 20/1001/337 35/1029/337 324/82/337 323/81/337 
f 35/1029/338 36/1030/338 321/79/338 324/82/338 
f 37/1031/339 22/1005/339 326/84/339 325/83/339 
f 22/1005/340 21/1003/340 327/85/340 326/84/340 
f 21/1003/341 36/1030/341 328/86/341 327/85/341 
f 36/1030/342 37/1031/342 325/83/342 328/86/342 
f 38/1032/343 23/1007/343 330/88/343 329/87/343 
f 23/1007/344 22/1005/344 331/89/344 330/88/344 
f 22/1005/345 37/1031/345 332/90/345 331/89/345 
f 37/1031/346 38/1032/346 329/87/346 332/90/346 
f 39/1033/347 24/1009/347 334/92/347 333/91/347 
f 24/1009/348 23/1007/348 335/93/348 334/92/348 
f 23/1007/349 38/1032/349 336/94/349 335/93/349 
f 38/1032/350 39/1033/350 333/91/350 336/94/350 
f 40/1034/351 25/1011/351 338/96/351 337/95/351 
f 25/1011/352 24/1009/352 339/97/352 338/96/352 
f 24/1009/353 39/1033/353 340/98/353 339/97/353 
f 39/1033/354 40/1034/354 337/95/354 340/98/354 
f 41/1035/355 26/1013/355 342/100/355 341/99/355 
f 26/1013/356 25/1011/356 343/101/356 342/100/356 
f 25/1011/357 40/1034/357 344/102/357 343/101/357 
f 40/1034/358 41/1035/358 341/99/358 344/102/358 
f 42/1036/359 27/1015/359 346/104/359 345/103/359 
f 27/1015/360 26/1013/360 347/105/360 346/104/360 
f 26/1013/361 41/1035/361 348/106/361 347/105/361 
f 41/1035/362 42/1036/362 345/103/362 348/106/362 
f 43/1037/363 28/1017/363 350/108/363 349/107/363 
f 28/1017/364 27/1015/364 351/109/364 350/108/364 
f 27/1015/365 42/1036/365 352/110/365 351/109/365 
f 42/1036/366 43/1037/366 349/107/366 352/110/366 
f 44/1038/367 29/1019/367 354/112/367 353/111/367 
f 29/1019/368 28/1017/368 355/113/368 354/112/368 
f 28/1017/369 43/1037/369 356/114/369 355/113/369 
f 43/1037/370 44/1038/370 353/111/370 356/114/370 
f 45/1039/371 30/1021/371 358/116/371 357/115/371 
f 30/1021/372 29/1019/372 359/117/372 358/116/372 
f 29/1019/373 44/1038/373 360/118/373 359/117/373 
f 44/1038/374 45/1039/374 357/115/374 360/118/374 
f 31/1026/375 16/996/375 362/120/375 361/119/375 
f 16/996/376 241/1023/376 363/121/376 362/120/376 
f 241/1023/377 31/1026/377 361/119/377 363/121/377 
f 30/1021/378 45/1039/378 365/123/378 364/122/378 
f 45/1039/379 242/1024/379 366/124/379 365/123/379 
f 242/1024/380 30/1021/380 364/122/380 366/124/380 
f 47/1040/381 32/1025/381 368/126/381 367/125/381 
f 32/1025/382 31/1026/382 369/127/382 368/126/382 
f 31/1026/383 46/1041/383 370/128/383 369/127/383 
f 46/1041/384 47/1040/384 367/125/384 370/128/384 
f 48/1042/385 33/1027/385 372/130/385 371/129/385 
f 33/1027/386 32/1025/386 373/131/386 372/130/386 
f 32/1025/387 47/1040/387 374/132/387 373/131/387 
f 47/1040/388 48/1042/388 371/129/388 374/132/388 
f 49/1043/389 34/1028/389 376/134/389 375/133/389 
f 34/1028/390 33/1027/390 377/135/390 376/134/390 
f 33/1027/391 48/1042/391 378/136/391 377/135/391 
f 48/1042/392 49/1043/392 375/133/392 378/136/392 
f 50/1044/393 35/1029/393 380/138/393 379/137/393 
f 35/1029/394 34/1028/394 381/139/394 380/138/394 
f 34/1028/395 49/1043/395 382/140/395 381/139/395 
f 49/1043/396 50/1044/396 379/137/396 382/140/396 
f 51/1045/397 36/1030/397 384/142/397 383/141/397 
f 36/1030/398 35/1029/398 385/143/398 384/142/398 
f 35/1029/399 50/1044/399 386/144/399 385/143/399 
f 50/1044/400 51/1045/400 383/141/400 386/144/400 
f 52/1046/401 37/1031/401 388/146/401 387/145/401 
f 37/1031/402 36/1030/402 389/147/402 388/146/402 
f 36/1030/403 51/1045/403 390/148/403 389/147/403 
f 51/1045/404 52/1046/404 387/145/404 390/148/404 
f 53/1047/405 38/1032/405 392/150/405 391/149/405 
f 38/1032/406 37/1031/406 393/151/406 392/150/406 
f 37/1031/407 52/1046/407 394/152/407 393/151/407 
f 52/1046/408 53/1047/408 391/149/408 394/152/408 
f 54/1048/409 39/1033/409 396/154/409 395/153/409 
f 39/1033/410 38/1032/410 397/155/410 396/154/410 
f 38/1032/411 53/1047/411 398/156/411 397/155/411 
f 53/1047/412 54/1048/412 395/153/412 398/156/412 
f 55/1049/413 40/1034/413 400/158/413 399/157/413 
f 40/1034/414 39/1033/414 401/159/414 400/158/414 
f 39/1033/415 54/1048/415 402/160/415 401/159/415 
f 54/1048/416 55/1049/416 399/157/416 402/160/416 
f 56/1050/417 41/1035/417 404/162/417 403/161/417 
f 41/1035/418 40/1034/418 405/163/418 404/162/418 
f 40/1034/419 55/1049/419 406/164/419 405/163/419 
f 55/1049/420 56/1050/420 403/161/420 406/164/420 
f 57/1051/421 42/1036/421 408/166/421 407/165/421 
f 42/1036/422 41/1035/422 409/167/422 408/166/422 
f 41/1035/423 56/1050/423 410/168/423 409/167/423 
f 56/1050/424 57/1051/424 407/165/424 410/168/424 
f 58/1052/425 43/1037/425 412/170/425 411/169/425 
f 43/1037/426 42/1036/426 413/171/426 412/170/426 
f 42/1036/427 57/1051/427 414/172/427 413/171/427 
f 57/1051/428 58/1052/428 411/169/428 414/172/428 
f 59/1053/429 44/1038/429 416/174/429 415/173/429 
f 44/1038/430 43/1037/430 417/175/430 416/174/430 
f 43/1037/431 58/1052/431 418/176/431 417/175/431 
f 58/1052/432 59/1053/432 415/173/432 418/176/432 
f 60/1054/433 45/1039/433 420/178/433 419/177/433 
f 45/1039/434 44/1038/434 421/179/434 420/178/434 
f 44/1038/435 59/1053/435 422/180/435 421/179/435 
f 59/1053/436 60/1054/436 419/177/436 422/180/436 
f 46/1041/437 31/1026/437 424/182/437 423/181/437 
f 31/1026/438 241/1023/438 425/183/438 424/182/438 
f 241/1023/439 46/1041/439 423/181/439 425/183/439 
f 45/1039/440 60/1054/440 427/185/440 426/184/440 
f 60/1054/441 242/1024/441 428/186/441 427/185/441 
f 242/1024/442 45/1039/442 426/184/442 428/186/442 
f 62/1055/443 47/1040/443 430/188/443 429/187/443 
f 47/1040/444 46/1041/444 431/189/444 430/188/444 
f 46/1041/445 61/1056/445 432/190/445 431/189/445 
f 61/1056/446 62/1055/446 429/187/446 432/190/446 
f 63/1057/447 48/1042/447 434/192/447 433/191/447 
f 48/1042/448 47/1040/448 435/193/448 434/192/448 
f 47/1040/449 62/1055/449 436/194/449 435/193/449 
f 62/1055/450 63/1057/450 433/191/450 436/194/450 
f 64/1058/451 49/1043/451 438/196/451 437/195/451 
f 49/1043/452 48/1042/452 439/197/452 438/196/452 
f 48/1042/453 63/1057/453 440/198/453 439/197/453 
f 63/1057/454 64/1058/454 437/195/454 440/198/454 
f 65/1059/455 50/1044/455 442/200/455 441/199/455 
f 50/1044/456 49/1043/456 443/201/456 442/200/456 
f 49/1043/457 64/1058/457 444/202/457 443/201/457 
f 64/1058/458 65/1059/458 441/199/458 444/202/458 
f 66/1060/459 51/1045/459 446/204/459 445/203/459 
f 51/1045/460 50/1044/460 447/205/460 446/204/460 
f 50/1044/461 65/1059/461 448/206/461 447/205/461 
f 65/1059/462 66/1060/462 445/203/462 448/206/462 
f 67/1061/463 52/1046/463 450/208/463 449/207/463 
f 52/1046/464 51/1045/464 451/209/464 450/208/464 
f 51/1045/465 66/1060/465 452/210/465 451/209/465 
f 66/1060/466 67/1061/466 449/207/466 452/210/466 
f 68/1062/467 53/1047/467 454/212/467 453/211/467 
f 53/1047/468 52/1046/468 455/213/468 454/212/468 
f 52/1046/469 67/1061/469 456/214/469 455/213/469 
f 67/1061/470 68/1062/470 453/211/470 456/214/470 
f 69/1063/471 54/1048/471 458/216/471 457/215/471 
f 54/1048/472 53/1047/472 459/217/472 458/216/472 
f 53/1047/473 68/1062/473 460/218/473 459/217/473 
f 68/1062/474 69/1063/474 457/215/474 460/218/474 
f 70/1064/475 55/1049/475 462/220/475 461/219/475 
f 55/1049/476 54/1048/476 463/221/476 462/220/476 
f 54/1048/477 69/1063/477 464/222/477 463/221/477 
f 69/1063/478 70/1064/478 461/219/478 464/222/478 
f 71/1065/479 56/1050/479 466/224/479 465/223/479 
f 56/1050/480 55/1049/480 467/225/480 466/224/480 
f 55/1049/481 70/1064/481 468/226/481 467/225/481 
f 70/1064/482 71/1065/482 465/223/482 468/226/482 
f 72/1066/483 57/1051/483 470/228/483 469/227/483 
f 57/1051/484 56/1050/484 471/229/484 470/228/484 
f 56/1050/485 71/1065/485 472/230/485 471/229/485 
f 71/1065/486 72/1066/486 469/227/486 472/230/486 
f 73/1067/487 58/1052/487 474/232/487 473/231/487 
f 58/1052/488 57/1051/488 475/233/488 474/232/488 
f 57/1051/489 72/1066/489 476/234/489 475/233/489 
f 72/1066/490 73/1067/490 473/231/490 476/234/490 
f 74/1068/491 59/1053/491 478/236/491 477/235/491 
f 59/1053/492 58/1052/492 479/237/492 478/236/492 
f 58/1052/493 73/1067/493 480/238/493 479/237/493 
f 73/1067/494 74/1068/494 477/235/494 480/238/494 
f 75/1069/495 60/1054/495 482/240/495 481/239/495 
f 60/1054/496 59/1053/496 483/241/496 482/240/496 
f 59/1053/497 74/1068/497 484/242/497 483/241/497 
f 74/1068/498 75/1069/498 481/239/498 484/242/498 
f 61/1056/499 46/1041/499 486/244/499 485/243/499 
f 46/1041/500 241/1023/500 487/245/500 486/244/500 
f 241/1023/501 61/1056/501 485/243/501 487/245/501 
f 60/1054/502 75/1069/502 489/247/502 488/246/502 
f 75/1069/503 242/1024/503 490/248/503 489/247/503 
f 242/1024/504 60/1054/504 488/246/504 490/248/504 
f 77/1070/505 62/1055/505 492/250/505 491/249/505 
f 62/1055/506 61/1056/506 493/251/506 492/250/506 
f 61/1056/507 76/1071/507 494/252/507 493/251/507 
f 76/1071/508 77/1070/508 491/249/508 494/252/508 
f 78/1072/509 63/1057/509 496/254/509 495/253/509 
f 63/1057/510 62/1055/510 497/255/510 496/254/510 
f 62/1055/511 77/1070/511 498/256/511 497/255/511 
f 77/1070/512 78/1072/512 495/253/512 498/256/512 
f 79/1073/513 64/1058/513 500/258/513 499/257/513 
f 64/1058/514 63/1057/514 501/259/514 500/258/514 
f 63/1057/515 78/1072/515 502/260/515 501/259/515 
f 78/1072/516 79/1073/516 499/257/516 502/260/516 
f 80/1074/517 65/1059/517 504/262/517 503/261/517 
f 65/1059/518 64/1058/518 505/263/518 504/262/518 
f 64/1058/519 79/1073/519 506/264/519 505/263/519 
f 79/1073/520 80/1074/520 503/261/520 506/264/520 
f 81/1075/521 66/1060/521 508/266/521 507/265/521 
f 66/1060/522 65/1059/522 509/267/522 508/266/522 
f 65/1059/523 80/1074/523 510/268/523 509/267/523 
f 80/1074/524 81/1075/524 507/265/524 510/268/524 
f 82/1076/525 67/1061/525 512/270/525 511/269/525 
f 67/1061/526 66/1060/526 513/271/526 512/270/526 
f 66/1060/527 81/1075/527 514/272/527 513/271/527 
f 81/1075/528 82/1076/528 511/269/528 514/272/528 
f 83/1077/529 68/1062/529 516/274/529 515/273/529 
f 68/1062/530 67/1061/530 517/275/530 516/274/530 
f 67/1061/531 82/1076/531 518/276/531 517/275/531 
f 82/1076/532 83/1077/532 515/273/532 518/276/532 
f 84/1078/533 69/1063/533 520/278/533 519/277/533 
f 69/1063/534 68/1062/534 521/279/534 520/278/534 
f 68/1062/535 83/1077/535 522/280/535 521/279/535 
f 83/1077/536 84/1078/536 519/277/536 522/280/536 
f 85/1079/537 70/1064/537 524/282/537 523/281/537 
f 70/1064/538 69/1063/538 525/283/538 524/282/538 
f 69/1063/539 84/1078/539 526/284/539 525/283/539 
f 84/1078/540 85/1079/540 523/281/540 526/284/540 
f 86/1080/541 71/1065/541 528/286/541 527/285/541 
f 71/1065/542 70/1064/542 529/287/542 528/286/542 
f 70/1064/543 85/1079/543 530/288/543 529/287/543 
f 85/1079/544 86/1080/544 527/285/544 530/288/544 
f 87/1081/545 72/1066/545 532/290/545 531/289/545 
f 72/1066/546 71/1065/546 533/291/546 532/290/546 
f 71/1065/547 86/1080/547 534/292/547 533/291/547 
f 86/1080/548 87/1081/548 531/289/548 534/292/548 
f 88/1082/549 73/1067/549 536/294/549 535/293/549 
f 73/1067/550 72/1066/550 537/295/550 536/294/550 
f 72/1066/551 87/1081/551 538/296/551 537/295/551 
f 87/1081/552 88/1082/552 535/293/552 538/296/552 
f 89/1083/553 74/1068/553 540/298/553 539/297/553 
f 74/1068/554 73/1067/554 541/299/554 540/298/554 
f 73/1067/555 88/1082/555 542/300/555 541/299/555 
f 88/1082/556 89/1083/556 539/297/556 542/300/556 
f 90/1084/557 75/1069/557 544/302/557 543/301/557 
f 75/1069/558 74/1068/558 545/303/558 544/302/558 
f 74/1068/559 89/1083/559 546/304/559 545/303/559 
f 89/1083/560 90/1084/560 543/301/560 546/304/560 
f 76/1071/561 61/1056/561 548/306/561 547/305/561 
f 61/1056/562 241/1023/562 549/307/562 548/306/562 
f 241/1023/563 76/1071/563 547/305/563 549/307/563 
f 75/1069/564 90/1084/564 551/309/564 550/308/564 
f 90/1084/565 242/1024/565 552/310/565 551/309/565 
f 242/1024/566 75/1069/566 550/308/566 552/310/566 
f 92/1085/567 77/1070/567 554/312/567 553/311/567 
f 77/1070/568 76/1071/568 555/313/568 554/312/568 
f 76/1071/569 91/1086/569 556/314/569 555/313/569 
f 91/1086/570 92/1085/570 553/311/570 556/314/570 
f 93/1087/571 78/1072/571 558/316/571 557/315/571 
f 78/1072/572 77/1070/572 559/317/572 558/316/572 
f 77/1070/573 92/1085/573 560/318/573 559/317/573 
f 92/1085/574 93/1087/574 557/315/574 560/318/574 
f 94/1088/575 79/1073/575 562/320/575 561/319/575 
f 79/1073/576 78/1072/576 563/321/576 562/320/576 
f 78/1072/577 93/1087/577 564/322/577 563/321/577 
f 93/1087/578 94/1088/578 561/319/578 564/322/578 
f 95/1089/579 80/1074/579 566/324/579 565/323/579 
f 80/1074/580 79/1073/580 567/325/580 566/324/580 
f 79/1073/581 94/1088/581 568/326/581 567/325/581 
f 94/1088/582 95/1089/582 565/323/582 568/326/582 
f 96/1090/583 81/1075/583 570/328/583 569/327/583 
f 81/1075/584 80/1074/584 571/329/584 570/328/584 
f 80/1074/585 95/1089/585 572/330/585 571/329/585 
f 95/1089/586 96/1090/586 569/327/586 572/330/586 
f 97/1091/587 82/1076/587 574/332/587 573/331/587 
f 82/1076/588 81/1075/588 575/333/588 574/332/588 
f 81/1075/589 96/1090/589 576/334/589 575/333/589 
f 96/1090/590 97/1091/590 573/331/590 576/334/590 
f 98/1092/591 83/1077/591 578/336/591 577/335/591 
f 83/1077/592 82/1076/592 579/337/592 578/336/592 
f 82/1076/593 97/1091/593 580/338/593 579/337/593 
f 97/1091/594 98/1092/594 577/335/594 580/338/594 
f 99/1093/595 84/1078/595 582/340/595 581/339/595 
f 84/1078/596 83/1077/596 583/341/596 582/340/596 
f 83/1077/597 98/1092/597 584/342/597 583/341/597 
f 98/1092/598 99/1093/598 581/339/598 584/342/598 
f 100/1094/599 85/1079/599 586/344/599 585/343/599 
f 85/1079/600 84/1078/600 587/345/600 586/344/600 
f 84/1078/601 99/1093/601 588/346/601 587/345/601 
f 99/1093/602 100/1094/602 585/343/602 588/346/602 
f 101/1095/603 86/1080/603 590/348/603 589/347/603 
f 86/1080/604 85/1079/604 591/349/604 590/348/604 
f 85/1079/605 100/1094/605 592/350/605 591/349/605 
f 100/1094/606 101/1095/606 589/347/606 592/350/606 
f 102/1096/607 87/1081/607 594/352/607 593/351/607 
f 87/1081/608 86/1080/608 595/353/608 594/352/608 
f 86/1080/609 101/1095/609 596/354/609 595/353/609 
f 101/1095/610 102/1096/610 593/351/610 596/354/610 
f 103/1097/611 88/1082/611 598/356/611 597/355/611 
f 88/1082/612 87/1081/612 599/357/612 598/356/612 
f 87/1081/613 102/1096/613 600/358/613 599/357/613 
f 102/1096/614 103/1097/614 597/355/614 600/358/614 
f 104/1098/615 89/1083/615 602/360/615 601/359/615 
f 89/1083/616 88/1082/616 603/361/616 602/360/616 
f 88/1082/617 103/1097/617 604/362/617 603/361/617 
f 103/1097/618 104/1098/618 601/359/618 604/362/618 
f 105/1099/619 90/1084/619 606/364/619 605/363/619 
f 90/1084/620 89/1083/620 607/365/620 606/364/620 
f 89/1083/621 104/1098/621 608/366/621 607/365/621 
f 104/1098/622 105/1099/622 605/363/622 608/366/622 
f 91/1086/623 76/1071/623 610/368/623 609/367/623 
f 76/1071/624 241/1023/624 611/369/624 610/368/624 
f 241/1023/625 91/1086/625 609/367/625 611/369/625 
f 90/1084/626 105/1099/626 613/371/626 612/370/626 
f 105/1099/627 242/1024/627 614/372/627 613/371/627 
f 242/1024/628 90/1084/628 612/370/628 614/372/628 
f 107/1100/629 92/1085/629 616/374/629 615/373/629 
f 92/1085/630 91/1086/630 617/375/630 616/374/630 
f 91/1086/631 106/1101/631 618/376/631 617/375/631 
f 106/1101/632 107/1100/632 615/373/632 618/376/632 
f 108/1102/633 93/1087/633 620/378/633 619/377/633 
f 93/1087/634 92/1085/634 621/379/634 620/378/634 
f 92/1085/635 107/1100/635 622/380/635 621/379/635 
f 107/1100/636 108/1102/636 619/377/636 622/380/636 
f 109/1103/637 94/1088/637 624/382/637 623/381/637 
f 94/1088/638 93/1087/638 625/383/638 624/382/638 
f 93/1087/639 108/1102/639 626/384/639 625/383/639 
f 108/1102/640 109/1103/640 623/381/640 626/384/640 
f 110/1104/641 95/1089/641 628/386/641 627/385/641 
f 95/1089/642 94/1088/642 629/387/642 628/386/642 
f 94/1088/643 109/1103/643 630/388/643 629/387/643 
f 109/1103/644 110/1104/644 627/385/644 630/388/644 
f 111/1105/645 96/1090/645 632/390/645 631/389/645 
f 96/1090/646 95/1089/646 633/391/646 632/390/646 
f 95/1089/647 110/1104/647 634/392/647 633/391/647 
f 110/1104/648 111/1105/648 631/389/648 634/392/648 
f 112/1106/649 97/1091/649 636/394/649 635/393/649 
f 97/1091/650 96/1090/650 637/395/650 636/394/650 
f 96/1090/651 111/1105/651 638/396/651 637/395/651 
f 111/1105/652 112/1106/652 635/393/652 638/396/652 
f 113/1107/653 98/1092/653 640/398/653 639/397/653 
f 98/1092/654 97/1091/654 641/399/654 640/398/654 
f 97/1091/655 112/1106/655 642/400/655 641/399/655 
f 112/1106/656 113/1107/656 639/397/656 642/400/656 
f 114/1108/657 99/1093/657 644/402/657 643/401/657 
f 99/1093/658 98/1092/658 645/403/658 644/402/658 
f 98/1092/659 113/1107/659 646/404/659 645/403/659 
f 113/1107/660 114/1108/660 643/401/660 646/404/660 
f 115/1109/661 100/1094/661 648/406/661 647/405/661 
f 100/1094/662 99/1093/662 649/407/662 648/406/662 
f 99/1093/663 114/1108/663 650/408/663 649/407/663 
f 114/1108/664 115/1109/664 647/405/664 650/408/664 
f 116/1110/665 101/1095/665 652/410/665 651/409/665 
f 101/1095/666 100/1094/666 653/411/666 652/410/666 
f 100/1094/667 115/1109/667 654/412/667 653/411/667 
f 115/1109/668 116/1110/668 651/409/668 654/412/668 
f 117/1111/669 102/1096/669 656/414/669 655/413/669 
f 102/1096/670 101/1095/670 657/415/670 656/414/670 
f 101/1095/671 116/1110/671 658/416/671 657/415/671 
f 116/1110/672 117/1111/672 655/413/672 658/416/672 
f 118/1112/673 103/1097/673 660/418/673 659/417/673 
f 103/1097/674 102/1096/674 661/419/674 660/418/674 
f 102/1096/675 117/1111/675 662/420/675 661/419/675 
f 117/1111/676 118/1112/676 659/417/676 662/420/676 
f 119/1113/677 104/1098/677 664/422/677 663/421/677 
f 104/1098/678 103/1097/678 665/423/678 664/422/678 
f 103/1097/679 118/1112/679 666/424/679 665/423/679 
f 118/1112/680 119/1113/680 663/421/680 666/424/680 
f 120/1114/681 105/1099/681 668/426/681 667/425/681 
f 105/1099/682 104/1098/682 669/427/682 668/426/682 
f 104/1098/683 119/1113/683 670/428/683 669/427/683 
f 119/1113/684 120/1114/684 667/425/684 670/428/684 
f 106/1101/685 91/1086/685 672/430/685 671/429/685 
f 91/1086/686 241/1023/686 673/431/686 672/430/686 
f 241/1023/687 106/1101/687 671/429/687 673/431/687 
f 105/1099/688 120/1114/688 675/433/688 674/432/688 
f 120/1114/689 242/1024/689 676/434/689 675/433/689 
f 242/1024/690 105/1099/690 674/432/690 676/434/690 
f 122/1115/691 107/1100/691 678/436/691 677/435/691 
f 107/1100/692 106/1101/692 679/437/692 678/436/692 
f 106/1101/693 121/1116/693 680/438/693 679/437/693 
f 121/1116/694 122/1115/694 677/435/694 680/438/694 
f 123/1117/695 108/1102/695 682/440/695 681/439/695 
f 108/1102/696 107/1100/696 683/441/696 682/440/696 
f 107/1100/697 122/1115/697 684/442/697 683/441/697 
f 122/1115/698 123/1117/698 681/439/698 684/442/698 
f 124/1118/699 109/1103/699 686/444/699 685/443/699 
f 109/1103/700 108/1102/700 687/445/700 686/444/700 
f 108/1102/701 123/1117/701 688/446/701 687/445/701 
f 123/1117/702 124/1118/702 685/443/702 688/446/702 
f 125/1119/703 110/1104/703 690/448/703 689/447/703 
f 110/1104/704 109/1103/704 691/449/704 690/448/704 
f 109/1103/705 124/1118/705 692/450/705 691/449/705 
f 124/1118/706 125/1119/706 689/447/706 692/450/706 
f 126/1120/707 111/1105/707 694/452/707 693/451/707 
f 111/1105/708 110/1104/708 695/453/708 694/452/708 
f 110/1104/709 125/1119/709 696/454/709 695/453/709 
f 125/1119/710 126/1120/710 693/451/710 696/454/710 
f 127/1121/711 112/1106/711 698/456/711 697/455/711 
f 112/1106/712 111/1105/712 699/457/712 698/456/712 
f 111/1105/713 126/1120/713 700/458/713 699/457/713 
f 126/1120/714 127/1121/714 697/455/714 700/458/714 
f 128/1122/715 113/1107/715 702/460/715 701/459/715 
f 113/1107/716 112/1106/716 703/461/716 702/460/716 
f 112/1106/717 127/1121/717 704/462/717 703/461/717 
f 127/1121/718 128/1122/718 701/459/718 704/462/718 
f 129/1123/719 114/1108/719 706/464/719 705/463/719 
f 114/1108/720 113/1107/720 707/465/720 706/464/720 
f 113/1107/721 128/1122/721 708/466/721 707/465/721 
f 128/1122/722 129/1123/722 705/463/722 708/466/722 
f 130/1124/723 115/1109/723 710/468/723 709/467/723 
f 115/1109/724 114/1108/724 711/469/724 710/468/724 
f 114/1108/725 129/1123/725 712/470/725 711/469/725 
f 129/1123/726 130/1124/726 709/467/726 712/470/726 
f 131/1125/727 116/1110/727 714/472/727 713/471/727 
f 116/1110/728 115/1109/728 715/473/728 714/472/728 
f 115/1109/729 130/1124/729 716/474/729 715/473/729 
f 130/1124/730 131/1125/730 713/471/730 716/474/730 
f 132/1126/731 117/1111/731 718/476/731 717/475/731 
f 117/1111/732 116/1110/732 719/477/732 718/476/732 
f 116/1110/733 131/1125/733 720/478/733 719/477/733 
f 131/1125/734 132/1126/734 717/475/734 720/478/734 
f 133/1127/735 118/1112/735 722/480/735 721/479/735 
f 118/1112/736 117/1111/736 723/481/736 722/480/736 
f 117/1111/737 132/1126/737 724/482/737 723/481/737 
f 132/1126/738 133/1127/738 721/479/738 724/482/738 
f 134/1128/739 119/1113/739 726/484/739 725/483/739 
f 119/1113/740 118/1112/740 727/485/740 726/484/740 
f 118/1112/741 133/1127/741 728/486/741 727/485/741 
f 133/1127/742 134/1128/742 725/483/742 728/486/742 
f 135/1129/743 120/1114/743 730/488/743 729/487/743 
f 120/1114/744 119/1113/744 731/489/744 730/488/744 
f 119/1113/745 134/1128/745 732/490/745 731/489/745 
f 134/1128/746 135/1129/746 729/487/746 732/490/746 
f 121/1116/747 106/1101/747 734/492/747 733/491/747 
f 106/1101/748 241/1023/748 735/493/748 734/492/748 
f 241/1023/749 121/1116/749 733/491/749 735/493/749 
f 120/1114/750 135/1129/750 737/495/750 736/494/750 
f 135/1129/751 242/1024/751 738/496/751 737/495/751 
f 242/1024/752 120/1114/752 736/494/752 738/496/752 
f 137/1130/753 122/1115/753 740/498/753 739/497/753 
f 122/1115/754 121/1116/754 741/499/754 740/498/754 
f 121/1116/755 136/1131/755 742/500/755 741/499/755 
f 136/1131/756 137/1130/756 739/497/756 742/500/756 
f 138/1132/757 123/1117/757 744/502/757 743/501/757 
f 123/1117/758 122/1115/758 745/503/758 744/502/758 
f 122/1115/759 137/1130/759 746/504/759 745/503/759 
f 137/1130/760 138/1132/760 743/501/760 746/504/760 
f 139/1133/761 124/1118/761 748/506/761 747/505/761 
f 124/1118/762 123/1117/762 749/507/762 748/506/762 
f 123/1117/763 138/1132/763 750/508/763 749/507/763 
f 138/1132/764 139/1133/764 747/505/764 750/508/764 
f 140/1134/765 125/1119/765 752/510/765 751/509/765 
f 125/1119/766 124/1118/766 753/511/766 752/510/766 
f 124/1118/767 139/1133/767 754/512/767 753/511/767 
f 139/1133/768 140/1134/768 751/509/768 754/512/768 
f 141/1135/769 126/1120/769 756/514/769 755/513/769 
f 126/1120/770 125/1119/770 757/515/770 756/514/770 
f 125/1119/771 140/1134/771 758/516/771 757/515/771 
f 140/1134/772 141/1135/772 755/513/772 758/516/772 
f 142/1136/773 127/1121/773 760/518/773 759/517/773 
f 127/1121/774 126/1120/774 761/519/774 760/518/774 
f 126/1120/775 141/1135/775 762/520/775 761/519/775 
f 141/1135/776 142/1136/776 759/517/776 762/520/776 
f 143/1137/777 128/1122/777 764/522/777 763/521/777 
f 128/1122/778 127/1121/778 765/523/778 764/522/778 
f 127/1121/779 142/1136/779 766/524/779 765/523/779 
f 142/1136/780 143/1137/780 763/521/780 766/524/780 
f 144/1138/781 129/1123/781 768/526/781 767/525/781 
f 129/1123/782 128/1122/782 769/527/782 768/526/782 
f 128/1122/783 143/1137/783 770/528/783 769/527/783 
f 143/1137/784 144/1138/784 767/525/784 770/528/784 
f 145/1139/785 130/1124/785 772/530/785 771/529/785 
f 130/1124/786 129/1123/786 773/531/786 772/530/786 
f 129/1123/787 144/1138/787 774/532/787 773/531/787 
f 144/1138/788 145/1139/788 771/529/788 774/532/788 
f 146/1140/789 131/1125/789 776/534/789 775/533/789 
f 131/1125/790 130/1124/790 777/535/790 776/534/790 
f 130/1124/791 145/1139/791 778/536/791 777/535/791 
f 145/1139/792 146/1140/792 775/533/792 778/536/792 
f 147/1141/793 132/1126/793 780/538/793 779/537/793 
f 132/1126/794 131/1125/794 781/539/794 780/538/794 
f 131/1125/795 146/1140/795 782/540/795 781/539/795 
f 146/1140/796 147/1141/796 779/537/796 782/540/796 
f 148/1142/797 133/1127/797 784/542/797 783/541/797 
f 133/1127/798 132/1126/798 785/543/798 784/542/798 
f 132/1126/799 147/1141/799 786/544/799 785/543/799 
f 147/1141/800 148/1142/800 783/541/800 786/544/800 
f 149/1143/801 134/1128/801 788/546/801 787/545/801 
f 134/1128/802 133/1127/802 789/547/802 788/546/802 
f 133/1127/803 148/1142/803 790/548/803 789/547/803 
f 148/1142/804 149/1143/804 787/545/804 790/548/804 
f 150/1144/805 135/1129/805 792/550/805 791/549/805 
f 135/1129/806 134/1128/806 793/551/806 792/550/806 
f 134/1128/807 149/1143/807 794/552/807 793/551/807 
f 149/1143/808 150/1144/808 791/549/808 794/552/808 
f 136/1131/809 121/1116/809 796/554/809 795/553/809 
f 121/1116/810 241/1023/810 797/555/810 796/554/810 
f 241/1023/811 136/1131/811 795/553/811 797/555/811 
f 135/1129/812 150/1144/812 799/557/812 798/556/812 
f 150/1144/813 242/1024/813 800/558/813 799/557/813 
f 242/1024/814 135/1129/814 798/556/814 800/558/814 
f 152/1145/815 137/1130/815 802/560/815 801/559/815 
f 137/1130/816 136/1131/816 803/561/816 802/560/816 
f 136/1131/817 151/1146/817 804/562/817 803/561/817 
f 151/1146/818 152/1145/818 801/559/818 804/562/818 
f 153/1147/819 138/1132/819 806/564/819 805/563/819 
f 138/1132/820 137/1130/820 807/565/820 806/564/820 
f 137/1130/821 152/1145/821 808/566/821 807/565/821 
f 152/1145/822 153/1147/822 805/563/822 808/566/822 
f 154/1148/823 139/1133/823 810/568/823 809/567/823 
f 139/1133/824 138/1132/824 811/569/824 810/568/824 
f 138/1132/825 153/1147/825 812/570/825 811/569/825 
f 153/1147/826 154/1148/826 809/567/826 812/570/826 
f 155/1149/827 140/1134/827 814/572/827 813/571/827 
f 140/1134/828 139/1133/828 815/573/828 814/572/828 
f 139/1133/829 154/1148/829 816/574/829 815/573/829 
f 154/1148/830 155/1149/830 813/571/830 816/574/830 
f 156/1150/831 141/1135/831 818/576/831 817/575/831 
f 141/1135/832 140/1134/832 819/577/832 818/576/832 
f 140/1134/833 155/1149/833 820/578/833 819/577/833 
f 155/1149/834 156/1150/834 817/575/834 820/578/834 
f 157/1151/835 142/1136/835 822/580/835 821/579/835 
f 142/1136/836 141/1135/836 823/581/836 822/580/836 
f 141/1135/837 156/1150/837 824/582/837 823/581/837 
f 156/1150/838 157/1151/838 821/579/838 824/582/838 
f 158/1152/839 143/1137/839 826/584/839 825/583/839 
f 143/1137/840 142/1136/840 827/585/840 826/584/840 
f 142/1136/841 157/1151/841 828/586/841 827/585/841 
f 157/1151/842 158/1152/842 825/583/842 828/586/842 
f 159/1153/843 144/1138/843 830/588/843 829/587/843 
f 144/1138/844 143/1137/844 831/589/844 830/588/844 
f 143/1137/845 158/1152/845 832/590/845 831/589/845 
f 158/1152/846 159/1153/846 829/587/846 832/590/846 
f 160/1154/847 145/1139/847 834/592/847 833/591/847 
f 145/1139/848 144/1138/848 835/593/848 834/592/848 
f 144/1138/849 159/1153/849 836/594/849 835/593/849 
f 159/1153/850 160/1154/850 833/591/850 836/594/850 
f 161/1155/851 146/1140/851 838/596/851 837/595/851 
f 146/1140/852 145/1139/852 839/597/852 838/596/852 
f 145/1139/853 160/1154/853 840/598/853 839/597/853 
f 160/1154/854 161/1155/854 837/595/854 840/598/854 
f 162/1156/855 147/1141/855 842/600/855 841/599/855 
f 147/1141/856 146/1140/856 843/601/856 842/600/856 
f 146/1140/857 161/1155/857 844/602/857 843/601/857 
f 161/1155/858 162/1156/858 841/599/858 844/602/858 
f 163/1157/859 148/1142/859 846/604/859 845/603/859 
f 148/1142/860 147/1141/860 847/605/860 846/604/860 
f 147/1141/861 162/1156/861 848/606/861 847/605/861 
f 162/1156/862 163/1157/862 845/603/862 848/606/862 
f 164/1158/863 149/1143/863 850/608/863 849/607/863 
f 149/1143/864 148/1142/864 851/609/864 850/608/864 
f 148/1142/865 163/1157/865 852/610/865 851/609/865 
f 163/1157/866 164/1158/866 849/607/866 852/610/866 
f 165/1159/867 150/1144/867 854/612/867 853/611/867 
f 150/1144/868 149/1143/868 855/613/868 854/612/868 
f 149/1143/869 164/1158/869 856/614/869 855/613/869 
f 164/1158/870 165/1159/870 853/611/870 856/614/870 
f 151/1146/871 136/1131/871 858/616/871 857/615/871 
f 136/1131/872 241/1023/872 859/617/872 858/616/872 
f 241/1023/873 151/1146/873 857/615/873 859/617/873 
f 150/1144/874 165/1159/874 861/619/874 860/618/874 
f 165/1159/875 242/1024/875 862/620/875 861/619/875 
f 242/1024/876 150/1144/876 860/618/876 862/620/876 
f 167/1160/877 152/1145/877 864/622/877 863/621/877 
f 152/1145/878 151/1146/878 865/623/878 864/622/878 
f 151/1146/879 166/1161/879 866/624/879 865/623/879 
f 166/1161/880 167/1160/880 863/621/880 866/624/880 
f 168/1162/881 153/1147/881 868/626/881 867/625/881 
f 153/1147/882 152/1145/882 869/627/882 868/626/882 
f 152/1145/883 167/1160/883 870/628/883 869/627/883 
f 167/1160/884 168/1162/884 867/625/884 870/628/884 
f 169/1163/885 154/1148/885 872/630/885 871/629/885 
f 154/1148/886 153/1147/886 873/631/886 872/630/886 
f 153/1147/887 168/1162/887 874/632/887 873/631/887 
f 168/1162/888 169/1163/888 871/629/888 874/632/888 
f 170/1164/889 155/1149/889 876/634/889 875/633/889 
f 155/1149/890 154/1148/890 877/635/890 876/634/890 
f 154/1148/891 169/1163/891 878/636/891 877/635/891 
f 169/1163/892 170/1164/892 875/633/892 878/636/892 
f 171/1165/893 156/1150/893 880/638/893 879/637/893 
f 156/1150/894 155/1149/894 881/639/894 880/638/894 
f 155/1149/895 170/1164/895 882/640/895 881/639/895 
f 170/1164/896 171/1165/896 879/637/896 882/640/896 
f 172/1166/897 157/1151/897 884/642/897 883/641/897 
f 157/1151/898 156/1150/898 885/643/898 884/642/898 
f 156/1150/899 171/1165/899 886/644/899 885/643/899 
f 171/1165/900 172/1166/900 883/641/900 886/644/900 
f 173/1167/901 158/1152/901 888/646/901 887/645/901 
f 158/1152/902 157/1151/902 889/647/902 888/646/902 
f 157/1151/903 172/1166/903 890/648/903 889/647/903 
f 172/1166/904 173/1167/904 887/645/904 890/648/904 
f 174/1168/905 159/1153/905 892/650/905 891/649/905 
f 159/1153/906 158/1152/906 893/651/906 892/650/906 
f 158/1152/907 173/1167/907 894/652/907 893/651/907 
f 173/1167/908 174/1168/908 891/649/908 894/652/908 
f 175/1169/909 160/1154/909 896/654/909 895/653/909 
f 160/1154/910 159/1153/910 897/655/910 896/654/910 
f 159/1153/911 174/1168/911 898/656/911 897/655/911 
f 174/1168/912 175/1169/912 895/653/912 898/656/912 
f 176/1170/913 161/1155/913 900/658/913 899/657/913 
f 161/1155/914 160/1154/914 901/659/914 900/658/914 
f 160/1154/915 175/1169/915 902/660/915 901/659/915 
f 175/1169/916 176/1170/916 899/657/916 902/660/916 
f 177/1171/917 162/1156/917 904/662/917 903/661/917 
f 162/1156/918 161/1155/918 905/663/918 904/662/918 
f 161/1155/919 176/1170/919 906/664/919 905/663/919 
f 176/1170/920 177/1171/920 903/661/920 906/664/920 
f 178/1172/921 163/1157/921 908/666/921 907/665/921 
f 163/1157/922 162/1156/922 909/667/922 908/666/922 
f 162/1156/923 177/1171/923 910/668/923 909/667/923 
f 177/1171/924 178/1172/924 907/665/924 910/668/924 
f 179/1173/925 164/1158/925 912/670/925 911/669/925 
f 164/1158/926 163/1157/926 913/671/926 912/670/926 
f 163/1157/927 178/1172/927 914/672/927 913/671/927 
f 178/1172/928 179/1173/928 911/669/928 914/672/928 
f 180/1174/929 165/1159/929 916/674/929 915/673/929 
f 165/1159/930 164/1158/930 917/675/930 916/674/930 
f 164/1158/931 179/1173/931 918/676/931 917/675/931 
f 179/1173/932 180/1174/932 915/673/932 918/676/932 
f 166/1161/933 151/1146/933 920/678/933 919/677/933 
f 151/1146/934 241/1023/934 921/679/934 920/678/934 
f 241/1023/935 166/1161/935 919/677/935 921/679/935 
f 165/1159/936 180/1174/936 923/681/936 922/680/936 
f 180/1174/937 242/1024/937 924/682/937 923/681/937 
f 242/1024/938 165/1159/938 922/680/938 924/682/938 
f 182/1175/939 167/1160/939 926/684/939 925/683/939 
f 167/1160/940 166/1161/940 927/685/940 926/684/940 
f 166/1161/941 181/1176/941 928/686/941 927/685/941 
f 181/1176/942 182/1175/942 925/683/942 928/686/942 
f 183/1177/943 168/1162/943 930/688/943 929/687/943 
f 168/1162/944 167/1160/944 931/689/944 930/688/944 
f 167/1160/945 182/1175/945 932/690/945 931/689/945 
f 182/1175/946 183/1177/946 929/687/946 932/690/946 
f 184/1178/947 169/1163/947 934/692/947 933/691/947 
f 169/1163/948 168/1162/948 935/693/948 934/692/948 
f 168/1162/949 183/1177/949 936/694/949 935/693/949 
f 183/1177/950 184/1178/950 933/691/950 936/694/950 
f 185/1179/951 170/1164/951 938/696/951 937/695/951 
f 170/1164/952 169/1163/952 939/697/952 938/696/952 
f 169/1163/953 184/1178/953 940/698/953 939/697/953 
f 184/1178/954 185/1179/954 937/695/954 940/698/954 
f 186/1180/955 171/1165/955 942/700/955 941/699/955 
f 171/1165/956 170/1164/956 943/701/956 942/700/956 
f 170/1164/957 185/1179/957 944/702/957 943/701/957 
f 185/1179/958 186/1180/958 941/699/958 944/702/958 
f 187/1181/959 172/1166/959 946/704/959 945/703/959 
f 172/1166/960 171/1165/960 947/705/960 946/704/960 
f 171/1165/961 186/1180/961 948/706/961 947/705/961 
f 186/1180/962 187/1181/962 945/703/962 948/706/962 
f 188/1182/963 173/1167/963 950/708/963 949/707/963 
f 173/1167/964 172/1166/964 951/709/964 950/708/964 
f 172/1166/965 187/1181/965 952/710/965 951/709/965 
f 187/1181/966 188/1182/966 949/707/966 952/710/966 
f 189/1183/967 174/1168/967 954/712/967 953/711/967 
f 174/1168/968 173/1167/968 955/713/968 954/712/968 
f 173/1167/969 188/1182/969 956/714/969 955/713/969 
f 188/1182/970 189/1183/970 953/711/970 956/714/970 
f 190/1184/971 175/1169/971 958/716/971 957/715/971 
f 175/1169/972 174/1168/972 959/717/972 958/716/972 
f 174/1168/973 189/1183/973 960/718/973 959/717/973 
f 189/1183/974 190/1184/974 957/715/974 960/718/974 
f 191/1185/975 176/1170/975 962/720/975 961/719/975 
f 176/1170/976 175/1169/976 963/721/976 962/720/976 
f 175/1169/977 190/1184/977 964/722/977 963/721/977 
f 190/1184/978 191/1185/978 961/719/978 964/722/978 
f 192/1186/979 177/1171/979 966/724/979 965/723/979 
f 177/1171/980 176/1170/980 967/725/980 966/724/980 
f 176/1170/981 191/1185/981 968/726/981 967/725/981 
f 191/1185/982 192/1186/982 965/723/982 968/726/982 
f 193/1187/983 178/1172/983 970/728/983 969/727/983 
f 178/1172/984 177/1171/984 971/729/984 970/728/984 
f 177/1171/985 192/1186/985 972/730/985 971/729/985 
f 192/1186/986 193/1187/986 969/727/986 972/730/986 
f 194/1188/987 179/1173/987 974/732/987 973/731/987 
f 179/1173/988 178/1172/988 975/733/988 974/732/988 
f 178/1172/989 193/1187/989 976/734/989 975/733/989 
f 193/1187/990 194/1188/990 973/731/990 976/734/990 
f 195/1189/991 180/1174/991 978/736/991 977/735/991 
f 180/1174/992 179/1173/992 979/737/992 978/736/992 
f 179/1173/993 194/1188/993 980/738/993 979/737/993 
f 194/1188/994 195/1189/994 977/735/994 980/738/994 
f 181/1176/995 166/1161/995 982/740/995 981/739/995 
f 166/1161/996 241/1023/996 983/741/996 982/740/996 
f 241/1023/997 181/1176/997 981/739/997 983/741/997 
f 180/1174/998 195/1189/998 985/743/998 984/742/998 
f 195/1189/999 242/1024/999 986/744/999 985/743/999 
f 242/1024/1000 180/1174/1000 984/742/1000 986/744/1000 
f 197/1190/1001 182/1175/1001 988/746/1001 987/745/1001 
f 182/1175/1002 181/1176/1002 989/747/1002 988/746/1002 
f 181/1176/1003 196/1191/1003 990/748/1003 989/747/1003 
f 196/1191/1004 197/1190/1004 987/745/1004 990/748/1004 
f 198/1192/1005 183/1177/1005 992/750/1005 991/749/1005 
f 183/1177/1006 182/1175/1006 993/751/1006 992/750/1006 
f 182/1175/1007 197/1190/1007 994/752/1007 993/751/1007 
f 197/1190/1008 198/1192/1008 991/749/1008 994/752/1008 
f 199/1193/1009 184/1178/1009 996/754/1009 995/753/1009 
f 184/1178/1010 183/1177/1010 997/755/1010 996/754/1010 
f 183/1177/1011 198/1192/1011 998/756/1011 997/755/1011 
f 198/1192/1012 199/1193/1012 995/753/1012 998/756/1012 
f 200/1194/1013 185/1179/1013 1000/758/1013 999/757/1013 
f 185/1179/1014 184/1178/1014 1001/759/1014 1000/758/1014 
f 184/1178/1015 199/1193/1015 1002/760/1015 1001/759/1015 
f 199/1193/1016 200/1194/1016 999/757/1016 1002/760/1016 
f 201/1195/1017 186/1180/1017 1004/762/1017 1003/761/1017 
f 186/1180/1018 185/1179/1018 1005/763/1018 1004/762/1018 
f 185/1179/1019 200/1194/1019 1006/764/1019 1005/763/1019 
f 200/1194/1020 201/1195/1020 1003/761/1020 1006/764/1020 
f 202/1196/1021 187/1181/1021 1008/766/1021 1007/765/1021 
f 187/1181/1022 186/1180/1022 1009/767/1022 1008/766/1022 
f 186/1180/1023 201/1195/1023 1010/768/1023 1009/767/1023 
f 201/1195/1024 202/1196/1024 1007/765/1024 1010/768/1024 
f 203/1197/1025 188/1182/1025 1012/770/1025 1011/769/1025 
f 188/1182/1026 187/1181/1026 1013/771/1026 1012/770/1026 
f 187/1181/1027 202/1196/1027 1014/772/1027 1013/771/1027 
f 202/1196/1028 203/1197/1028 1011/769/1028 1014/772/1028 
f 204/1198/1029 189/1183/1029 1016/774/1029 1015/773/1029 
f 189/1183/1030 188/1182/1030 1017/775/1030 1016/774/1030 
f 188/1182/1031 203/1197/1031 1018/776/1031 1017/775/1031 
f 203/1197/1032 204/1198/1032 1015/773/1032 1018/776/1032 
f 205/1199/1033 190/1184/1033 1020/778/1033 1019/777/1033 
f 190/1184/1034 189/1183/1034 1021/779/1034 1020/778/1034 
f 189/1183/1035 204/1198/1035 1022/780/1035 1021/779/1035 
f 204/1198/1036 205/1199/1036 1019/777/1036 1022/780/1036 
f 206/1200/1037 191/1185/1037 1024/782/1037 1023/781/1037 
f 191/1185/1038 190/1184/1038 1025/783/1038 1024/782/1038 
f 190/1184/1039 205/1199/1039 1026/784/1039 1025/783/1039 
f 205/1199/1040 206/1200/1040 1023/781/1040 1026/784/1040 
f 207/1201/1041 192/1186/1041 1028/786/1041 1027/785/1041 
f 192/1186/1042 191/1185/1042 1029/787/1042 1028/786/1042 
f 191/1185/1043 206/1200/1043 1030/788/1043 1029/787/1043 
f 206/1200/1044 207/1201/1044 1027/785/1044 1030/788/1044 
f 208/1202/1045 193/1187/1045 1032/790/1045 1031/789/1045 
f 193/1187/1046 192/1186/1046 1033/791/1046 1032/790/1046 
f 192/1186/1047 207/1201/1047 1034/792/1047 1033/791/1047 
f 207/1201/1048 208/1202/1048 1031/789/1048 1034/792/1048 
f 209/1203/1049 194/1188/1049 1036/794/1049 1035/793/1049 
f 194/1188/1050 193/1187/1050 1037/795/1050 1036/794/1050 
f 193/1187/1051 208/1202/1051 1038/796/1051 1037/795/1051 
f 208/1202/1052 209/1203/1052 1035/793/1052 1038/796/1052 
f 210/1204/1053 195/1189/1053 1040/798/1053 1039/797/1053 
f 195/1189/1054 194/1188/1054 1041/799/1054 1040/798/1054 
f 194/1188/1055 209/1203/1055 1042/800/1055 1041/799/1055 
f 209/1203/1056 210/1204/1056 1039/797/1056 1042/800/1056 
f 196/1191/1057 181/1176/1057 1044/802/1057 1043/801/1057 
f 181/1176/1058 241/1023/1058 1045/803/1058 1044/802/1058 
f 241/1023/1059 196/1191/1059 1043/801/1059 1045/803/1059 
f 195/1189/1060 210/1204/1060 1047/805/1060 1046/804/1060 
f 210/1204/1061 242/1024/1061 1048/806/1061 1047/805/1061 
f 242/1024/1062 195/1189/1062 1046/804/1062 1048/806/1062 
f 212/1205/1063 197/1190/1063 1050/808/1063 1049/807/1063 
f 197/1190/1064 196/1191/1064 1051/809/1064 1050/808/1064 
f 196/1191/1065 211/1206/1065 1052/810/1065 1051/809/1065 
f 211/1206/1066 212/1205/1066 1049/807/1066 1052/810/1066 
f 213/1207/1067 198/1192/1067 1054/812/1067 1053/811/1067 
f 198/1192/1068 197/1190/1068 1055/813/1068 1054/812/1068 
f 197/1190/1069 212/1205/1069 1056/814/1069 1055/813/1069 
f 212/1205/1070 213/1207/1070 1053/811/1070 1056/814/1070 
f 214/1208/1071 199/1193/1071 1058/816/1071 1057/815/1071 
f 199/1193/1072 198/1192/1072 1059/817/1072 1058/816/1072 
f 198/1192/1073 213/1207/1073 1060/818/1073 1059/817/1073 
f 213/1207/1074 214/1208/1074 1057/815/1074 1060/818/1074 
f 215/1209/1075 200/1194/1075 1062/820/1075 1061/819/1075 
f 200/1194/1076 199/1193/1076 1063/821/1076 1062/820/1076 
f 199/1193/1077 214/1208/1077 1064/822/1077 1063/821/1077 
f 214/1208/1078 215/1209/1078 1061/819/1078 1064/822/1078 
f 216/1210/1079 201/1195/1079 1066/824/1079 1065/823/1079 
f 201/1195/1080 200/1194/1080 1067/825/1080 1066/824/1080 
f 200/1194/1081 215/1209/1081 1068/826/1081 1067/825/1081 
f 215/1209/1082 216/1210/1082 1065/823/1082 1068/826/1082 
f 217/1211/1083 202/1196/1083 1070/828/1083 1069/827/1083 
f 202/1196/1084 201/1195/1084 1071/829/1084 1070/828/1084 
f 201/1195/1085 216/1210/1085 1072/830/1085 1071/829/1085 
f 216/1210/1086 217/1211/1086 1069/827/1086 1072/830/1086 
f 218/1212/1087 203/1197/1087 1074/832/1087 1073/831/1087 
f 203/1197/1088 202/1196/1088 1075/833/1088 1074/832/1088 
f 202/1196/1089 217/1211/1089 1076/834/1089 1075/833/1089 
f 217/1211/1090 218/1212/1090 1073/831/1090 1076/834/1090 
f 219/1213/1091 204/1198/1091 1078/836/1091 1077/835/1091 
f 204/1198/1092 203/1197/1092 1079/837/1092 1078/836/1092 
f 203/1197/1093 218/1212/1093 1080/838/1093 1079/837/1093 
f 218/1212/1094 219/1213/1094 1077/835/1094 1080/838/1094 
f 220/1214/1095 205/1199/1095 1082/840/1095 1081/839/1095 
f 205/1199/1096 204/1198/1096 1083/841/1096 1082/840/1096 
f 204/1198/1097 219/1213/1097 1084/842/1097 1083/841/1097 
f 219/1213/1098 220/1214/1098 1081/839/1098 1084/842/1098 
f 221/1215/1099 206/1200/1099 1086/844/1099 1085/843/1099 
f 206/1200/1100 205/1199/1100 1087/845/1100 1086/844/1100 
f 205/1199/1101 220/1214/1101 1088/846/1101 1087/845/1101 
f 220/1214/1102 221/1215/1102 1085/843/1102 1088/846/1102 
f 222/1216/1103 207/1201/1103 1090/848/1103 1089/847/1103 
f 207/1201/1104 206/1200/1104 1091/849/1104 1090/848/1104 
f 206/1200/1105 221/1215/1105 1092/850/1105 1091/849/1105 
f 221/1215/1106 222/1216/1106 1089/847/1106 1092/850/1106 
f 223/1217/1107 208/1202/1107 1094/852/1107 1093/851/1107 
f 208/1202/1108 207/1201/1108 1095/853/1108 1094/852/1108 
f 207/1201/1109 222/1216/1109 1096/854/1109 1095/853/1109 
f 222/1216/1110 223/1217/1110 1093/851/1110 1096/854/1110 
f 224/1218/1111 209/1203/1111 1098/856/1111 1097/855/1111 
f 209/1203/1112 208/1202/1112 1099/857/1112 1098/856/1112 
f 208/1202/1113 223/1217/1113 1100/858/1113 1099/857/1113 
f 223/1217/1114 224/1218/1114 1097/855/1114 1100/858/1114 
f 225/1219/1115 210/1204/1115 1102/860/1115 1101/859/1115 
f 210/1204/1116 209/1203/1116 1103/861/1116 1102/860/1116 
f 209/1203/1117 224/1218/1117 1104/862/1117 1103/861/1117 
f 224/1218/1118 225/1219/1118 1101/859/1118 1104/862/1118 
f 211/1206/1119 196/1191/1119 1106/864/1119 1105/863/1119 
f 196/1191/1120 241/1023/1120 1107/865/1120 1106/864/1120 
f 241/1023/1121 211/1206/1121 1105/863/1121 1107/865/1121 
f 210/1204/1122 225/1219/1122 1109/867/1122 1108/866/1122 
f 225/1219/1123 242/1024/1123 1110/868/1123 1109/867/1123 
f 242/1024/1124 210/1204/1124 1108/866/1124 1110/868/1124 
f 227/1220/1125 212/1205/1125 1112/870/1125 1111/869/1125 
f 212/1205/1126 211/1206/1126 1113/871/1126 1112/870/1126 
f 211/1206/1127 226/1221/1127 1114/872/1127 1113/871/1127 
f 226/1221/1128 227/1220/1128 1111/869/1128 1114/872/1128 
f 228/1222/1129 213/1207/1129 1116/874/1129 1115/873/1129 
f 213/1207/1130 212/1205/1130 1117/875/1130 1116/874/1130 
f 212/1205/1131 227/1220/1131 1118/876/1131 1117/875/1131 
f 227/1220/1132 228/1222/1132 1115/873/1132 1118/876/1132 
f 229/1223/1133 214/1208/1133 1120/878/1133 1119/877/1133 
f 214/1208/1134 213/1207/1134 1121/879/1134 1120/878/1134 
f 213/1207/1135 228/1222/1135 1122/880/1135 1121/879/1135 
f 228/1222/1136 229/1223/1136 1119/877/1136 1122/880/1136 
f 230/1224/1137 215/1209/1137 1124/882/1137 1123/881/1137 
f 215/1209/1138 214/1208/1138 1125/883/1138 1124/882/1138 
f 214/1208/1139 229/1223/1139 1126/884/1139 1125/883/1139 
f 229/1223/1140 230/1224/1140 1123/881/1140 1126/884/1140 
f 231/1225/1141 216/1210/1141 1128/886/1141 1127/885/1141 
f 216/1210/1142 215/1209/1142 1129/887/1142 1128/886/1142 
f 215/1209/1143 230/1224/1143 1130/888/1143 1129/887/1143 
f 230/1224/1144 231/1225/1144 1127/885/1144 1130/888/1144 
f 232/1226/1145 217/1211/1145 1132/890/1145 1131/889/1145 
f 217/1211/1146 216/1210/1146 1133/891/1146 1132/890/1146 
f 216/1210/1147 231/1225/1147 1134/892/1147 1133/891/1147 
f 231/1225/1148 232/1226/1148 1131/889/1148 1134/892/1148 
f 233/1227/1149 218/1212/1149 1136/894/1149 1135/893/1149 
f 218/1212/1150 217/1211/1150 1137/895/1150 1136/894/1150 
f 217/1211/1151 232/1226/1151 1138/896/1151 1137/895/1151 
f 232/1226/1152 233/1227/1152 1135/893/1152 1138/896/1152 
f 234/1228/1153 219/1213/1153 1140/898/1153 1139/897/1153 
f 219/1213/1154 218/1212/1154 1141/899/1154 1140/898/1154 
f 218/1212/1155 233/1227/1155 1142/900/1155 1141/899/1155 
f 233/1227/1156 234/1228/1156 1139/897/1156 1142/900/1156 
f 235/1229/1157 220/1214/1157 1144/902/1157 1143/901/1157 
f 220/1214/1158 219/1213/1158 1145/903/1158 1144/902/1158 
f 219/1213/1159 234/1228/1159 1146/904/1159 1145/903/1159 
f 234/1228/1160 235/1229/1160 1143/901/1160 1146/904/1160 
f 236/1230/1161 221/1215/1161 1148/906/1161 1147/905/1161 
f 221/1215/1162 220/1214/1162 1149/907/1162 1148/906/1162 
f 220/1214/1163 235/1229/1163 1150/908/1163 1149/907/1163 
f 235/1229/1164 236/1230/1164 1147/905/1164 1150/908/1164 
f 237/1231/1165 222/1216/1165 1152/910/1165 1151/909/1165 
f 222/1216/1166 221/1215/1166 1153/911/1166 1152/910/1166 
f 221/1215/1167 236/1230/1167 1154/912/1167 1153/911/1167 
f 236/1230/1168 237/1231/1168 1151/909/1168 1154/912/1168 
f 238/1232/1169 223/1217/1169 1156/914/1169 1155/913/1169 
f 223/1217/1170 222/1216/1170 1157/915/1170 1156/914/1170 
f 222/1216/1171 237/1231/1171 1158/916/1171 1157/915/1171 
f 237/1231/1172 238/1232/1172 1155/913/1172 1158/916/1172 
f 239/1233/1173 224/1218/1173 1160/918/1173 1159/917/1173 
f 224/1218/1174 223/1217/1174 1161/919/1174 1160/918/1174 
f 223/1217/1175 238/1232/1175 1162/920/1175 1161/919/1175 
f 238/1232/1176 239/1233/1176 1159/917/1176 1162/920/1176 
f 240/1234/1177 225/1219/1177 1164/922/1177 1163/921/1177 
f 225/1219/1178 224/1218/1178 1165/923/1178 1164/922/1178 
f 224/1218/1179 239/1233/1179 1166/924/1179 1165/923/1179 
f 239/1233/1180 240/1234/1180 1163/921/1180 1166/924/1180 
f 226/1221/1181 211/1206/1181 1168/926/1181 1167/925/1181 
f 211/1206/1182 241/1023/1182 1169/927/1182 1168/926/1182 
f 241/1023/1183 226/1221/1183 1167/925/1183 1169/927/1183 
f 225/1219/1184 240/1234/1184 1171/929/1184 1170/928/1184 
f 240/1234/1185 242/1024/1185 1172/930/1185 1171/929/1185 
f 242/1024/1186 225/1219/1186 1170/928/1186 1172/930/1186 
f 2/994/1187 227/1220/1187 1174/932/1187 1173/931/1187 
f 227/1220/1188 226/1221/1188 1175/933/1188 1174/932/1188 
f 226/1221/1189 1/995/1189 1176/934/1189 1175/933/1189 
f 1/995/1190 2/994/1190 1173/931/1190 1176/934/1190 
f 3/998/1191 228/1222/1191 1178/936/1191 1177/935/1191 
f 228/1222/1192 227/1220/1192 1179/937/1192 1178/936/1192 
f 227/1220/1193 2/994/1193 1180/938/1193 1179/937/1193 
f 2/994/1194 3/998/1194 1177/935/1194 1180/938/1194 
f 4/1000/1195 229/1223/1195 1182/940/1195 1181/939/1195 
f 229/1223/1196 228/1222/1196 1183/941/1196 1182/940/1196 
f 228/1222/1197 3/998/1197 1184/942/1197 1183/941/1197 
f 3/998/1198 4/1000/1198 1181/939/1198 1184/942/1198 
f 5/1002/1199 230/1224/1199 1186/944/1199 1185/943/1199 
f 230/1224/1200 229/1223/1200 1187/945/1200 1186/944/1200 
f 229/1223/1201 4/1000/1201 1188/946/1201 1187/945/1201 
f 4/1000/1202 5/1002/1202 1185/943/1202 1188/946/1202 
f 6/1004/1203 231/1225/1203 1190/948/1203 1189/947/1203 
f 231/1225/1204 230/1224/1204 1191/949/1204 1190/948/1204 
f 230/1224/1205 5/1002/1205 1192/950/1205 1191/949/1205 
f 5/1002/1206 6/1004/1206 1189/947/1206 1192/950/1206 
f 7/1006/1207 232/1226/1207 1194/952/1207 1193/951/1207 
f 232/1226/1208 231/1225/1208 1195/953/1208 1194/952/1208 
f 231/1225/1209 6/1004/1209 1196/954/1209 1195/953/1209 
f 6/1004/1210 7/1006/1210 1193/951/1210 1196/954/1210 
f 8/1008/1211 233/1227/1211 1198/956/1211 1197/955/1211 
f 233/1227/1212 232/1226/1212 1199/957/1212 1198/956/1212 
f 232/1226/1213 7/1006/1213 1200/958/1213 1199/957/1213 
f 7/1006/1214 8/1008/1214 1197/955/1214 1200/958/1214 
f 9/1010/1215 234/1228/1215 1202/960/1215 1201/959/1215 
f 234/1228/1216 233/1227/1216 1203/961/1216 1202/960/1216 
f 233/1227/1217 8/1008/1217 1204/962/1217 1203/961/1217 
f 8/1008/1218 9/1010/1218 1201/959/1218 1204/962/1218 
f 10/1012/1219 235/1229/1219 1206/964/1219 1205/963/1219 
f 235/1229/1220 234/1228/1220 1207/965/1220 1206/964/1220 
f 234/1228/1221 9/1010/1221 1208/966/1221 1207/965/1221 
f 9/1010/1222 10/1012/1222 1205/963/1222 1208/966/1222 
f 11/1014/1223 236/1230/1223 1210/968/1223 1209/967/1223 
f 236/1230/1224 235/1229/1224 1211/969/1224 1210/968/1224 
f 235/1229/1225 10/1012/1225 1212/970/1225 1211/969/1225 
f 10/1012/1226 11/1014/1226 1209/967/1226 1212/970/1226 
f 12/1016/1227 237/1231/1227 1214/972/1227 1213/971/1227 
f 237/1231/1228 236/1230/1228 1215/973/1228 1214/972/1228 
f 236/1230/1229 11/1014/1229 1216/974/1229 1215/973/1229 
f 11/1014/1230 12/1016/1230 1213/971/1230 1216/974/1230 
f 13/1018/1231 238/1232/1231 1218/976/1231 1217/975/1231 
f 238/1232/1232 237/1231/1232 1219/977/1232 1218/976/1232 
f 237/1231/1233 12/1016/1233 1220/978/1233 1219/977/1233 
f 12/1016/1234 13/1018/1234 1217/975/1234 1220/978/1234 
f 14/1020/1235 239/1233/1235 1222/980/1235 1221/979/1235 
f 239/1233/1236 238/1232/1236 1223/981/1236 1222/980/1236 
f 238/1232/1237 13/1018/1237 1224/982/1237 1223/981/1237 
f 13/1018/1238 14/1020/1238 1221/979/1238 1224/982/1238 
f 15/1022/1239 240/1234/1239 1226/984/1239 1225/983/1239 
f 240/1234/1240 239/1233/1240 1227/985/1240 1226/984/1240 
f 239/1233/1241 14/1020/1241 1228/986/1241 1227/985/1241 
f 14/1020/1242 15/1022/1242 1225/983/1242 1228/986/1242 
f 1/995/1243 226/1221/1243 1230/988/1243 1229/987/1243 
f 226/1221/1244 241/1023/1244 1231/989/1244 1230/988/1244 
f 241/1023/1245 1/995/1245 1229/987/1245 1231/989/1245 
f 240/1234/1246 15/1022/1246 1233/991/1246 1232/990/1246 
f 15/1022/1247 242/1024/1247 1234/992/1247 1233/991/1247 
f 242/1024/1248 240/1234/1248 1232/990/1248 1234/992/1248 
